"","community","species","family","Taxon","code","year_analisis","oil_type","oil_type_mg","oil_type_PER","PERoil"
"1","Mediterranean","Armeduri","Plumbaginaceae","Armeria duriaei","250821-01",2022,"C12.0",0,0,4.328
"2","Mediterranean","Armeduri","Plumbaginaceae","Armeria duriaei","250821-01",2022,"C14.0",0.09,0.21,4.328
"3","Mediterranean","Armeduri","Plumbaginaceae","Armeria duriaei","250821-01",2022,"C15.0",0,0,4.328
"4","Mediterranean","Armeduri","Plumbaginaceae","Armeria duriaei","250821-01",2022,"C16.0",6.3,14.56,4.328
"5","Mediterranean","Armeduri","Plumbaginaceae","Armeria duriaei","250821-01",2022,"C16.1n7",0.04,0.09,4.328
"6","Mediterranean","Armeduri","Plumbaginaceae","Armeria duriaei","250821-01",2022,"C17.0",0.07,0.17,4.328
"7","Mediterranean","Armeduri","Plumbaginaceae","Armeria duriaei","250821-01",2022,"C18.0",0.38,0.88,4.328
"8","Mediterranean","Armeduri","Plumbaginaceae","Armeria duriaei","250821-01",2022,"C18.1n7c",0.45,1.03,4.328
"9","Mediterranean","Armeduri","Plumbaginaceae","Armeria duriaei","250821-01",2022,"C18.1n9c",7.77,17.94,4.328
"10","Mediterranean","Armeduri","Plumbaginaceae","Armeria duriaei","250821-01",2022,"C18.2n6c",12.57,29.03,4.328
"11","Mediterranean","Armeduri","Plumbaginaceae","Armeria duriaei","250821-01",2022,"C18.3n3",14.84,34.29,4.328
"12","Mediterranean","Armeduri","Plumbaginaceae","Armeria duriaei","250821-01",2022,"C18.3n6",0,0,4.328
"13","Mediterranean","Armeduri","Plumbaginaceae","Armeria duriaei","250821-01",2022,"C18.4n3",0,0,4.328
"14","Mediterranean","Armeduri","Plumbaginaceae","Armeria duriaei","250821-01",2022,"C20.0",0.2,0.46,4.328
"15","Mediterranean","Armeduri","Plumbaginaceae","Armeria duriaei","250821-01",2022,"C20.1n9",0.25,0.57,4.328
"16","Mediterranean","Armeduri","Plumbaginaceae","Armeria duriaei","250821-01",2022,"C20.2n6",0.04,0.1,4.328
"17","Mediterranean","Armeduri","Plumbaginaceae","Armeria duriaei","250821-01",2022,"C22.0",0.17,0.4,4.328
"18","Mediterranean","Armeduri","Plumbaginaceae","Armeria duriaei","250821-01",2022,"C22.1n9",0,0,4.328
"19","Mediterranean","Armeduri","Plumbaginaceae","Armeria duriaei","250821-01",2022,"C22.2n6",0,0,4.328
"20","Mediterranean","Armeduri","Plumbaginaceae","Armeria duriaei","250821-01",2022,"C24.0",0.11,0.27,4.328
"21","Mediterranean","Conomaju","Apiaceae","Conopodium majus","240821-03",2023,"C12.0",0,0,3.482
"22","Mediterranean","Conomaju","Apiaceae","Conopodium majus","240821-03",2023,"C14.0",0.08,0.22,3.482
"23","Mediterranean","Conomaju","Apiaceae","Conopodium majus","240821-03",2023,"C15.0",0,0,3.482
"24","Mediterranean","Conomaju","Apiaceae","Conopodium majus","240821-03",2023,"C16.0",2.74,7.87,3.482
"25","Mediterranean","Conomaju","Apiaceae","Conopodium majus","240821-03",2023,"C16.1n7",0.06,0.18,3.482
"26","Mediterranean","Conomaju","Apiaceae","Conopodium majus","240821-03",2023,"C17.0",0,0,3.482
"27","Mediterranean","Conomaju","Apiaceae","Conopodium majus","240821-03",2023,"C18.0",0.34,0.97,3.482
"28","Mediterranean","Conomaju","Apiaceae","Conopodium majus","240821-03",2023,"C18.1n7c",0.2,0.57,3.482
"29","Mediterranean","Conomaju","Apiaceae","Conopodium majus","240821-03",2023,"C18.1n9c",23.59,67.76,3.482
"30","Mediterranean","Conomaju","Apiaceae","Conopodium majus","240821-03",2023,"C18.2n6c",6.76,19.41,3.482
"31","Mediterranean","Conomaju","Apiaceae","Conopodium majus","240821-03",2023,"C18.3n3",0.37,1.05,3.482
"32","Mediterranean","Conomaju","Apiaceae","Conopodium majus","240821-03",2023,"C18.3n6",0,0,3.482
"33","Mediterranean","Conomaju","Apiaceae","Conopodium majus","240821-03",2023,"C18.4n3",0,0,3.482
"34","Mediterranean","Conomaju","Apiaceae","Conopodium majus","240821-03",2023,"C20.0",0.25,0.73,3.482
"35","Mediterranean","Conomaju","Apiaceae","Conopodium majus","240821-03",2023,"C20.1n9",0,0,3.482
"36","Mediterranean","Conomaju","Apiaceae","Conopodium majus","240821-03",2023,"C20.2n6",0,0,3.482
"37","Mediterranean","Conomaju","Apiaceae","Conopodium majus","240821-03",2023,"C22.0",0.23,0.67,3.482
"38","Mediterranean","Conomaju","Apiaceae","Conopodium majus","240821-03",2023,"C22.1n9",0,0,3.482
"39","Mediterranean","Conomaju","Apiaceae","Conopodium majus","240821-03",2023,"C22.2n6",0,0,3.482
"40","Mediterranean","Conomaju","Apiaceae","Conopodium majus","240821-03",2023,"C24.0",0.2,0.57,3.482
"41","Mediterranean","Dianlang","Caryophyllaceae","Dianthus langeanus","110821-01",2023,"C12.0",0,0,4.362
"42","Mediterranean","Dianlang","Caryophyllaceae","Dianthus langeanus","110821-01",2023,"C14.0",0.05,0.11,4.362
"43","Mediterranean","Dianlang","Caryophyllaceae","Dianthus langeanus","110821-01",2023,"C15.0",0,0,4.362
"44","Mediterranean","Dianlang","Caryophyllaceae","Dianthus langeanus","110821-01",2023,"C16.0",4.66,10.69,4.362
"45","Mediterranean","Dianlang","Caryophyllaceae","Dianthus langeanus","110821-01",2023,"C16.1n7",0.06,0.14,4.362
"46","Mediterranean","Dianlang","Caryophyllaceae","Dianthus langeanus","110821-01",2023,"C17.0",0.07,0.15,4.362
"47","Mediterranean","Dianlang","Caryophyllaceae","Dianthus langeanus","110821-01",2023,"C18.0",1.08,2.48,4.362
"48","Mediterranean","Dianlang","Caryophyllaceae","Dianthus langeanus","110821-01",2023,"C18.1n7c",0.47,1.08,4.362
"49","Mediterranean","Dianlang","Caryophyllaceae","Dianthus langeanus","110821-01",2023,"C18.1n9c",14.88,34.12,4.362
"50","Mediterranean","Dianlang","Caryophyllaceae","Dianthus langeanus","110821-01",2023,"C18.2n6c",19.21,44.06,4.362
"51","Mediterranean","Dianlang","Caryophyllaceae","Dianthus langeanus","110821-01",2023,"C18.3n3",1.87,4.28,4.362
"52","Mediterranean","Dianlang","Caryophyllaceae","Dianthus langeanus","110821-01",2023,"C18.3n6",0.61,1.4,4.362
"53","Mediterranean","Dianlang","Caryophyllaceae","Dianthus langeanus","110821-01",2023,"C18.4n3",0.1,0.22,4.362
"54","Mediterranean","Dianlang","Caryophyllaceae","Dianthus langeanus","110821-01",2023,"C20.0",0.18,0.41,4.362
"55","Mediterranean","Dianlang","Caryophyllaceae","Dianthus langeanus","110821-01",2023,"C20.1n9",0.19,0.42,4.362
"56","Mediterranean","Dianlang","Caryophyllaceae","Dianthus langeanus","110821-01",2023,"C20.2n6",0,0,4.362
"57","Mediterranean","Dianlang","Caryophyllaceae","Dianthus langeanus","110821-01",2023,"C22.0",0.1,0.23,4.362
"58","Mediterranean","Dianlang","Caryophyllaceae","Dianthus langeanus","110821-01",2023,"C22.1n9",0,0,4.362
"59","Mediterranean","Dianlang","Caryophyllaceae","Dianthus langeanus","110821-01",2023,"C22.2n6",0,0,4.362
"60","Mediterranean","Dianlang","Caryophyllaceae","Dianthus langeanus","110821-01",2023,"C24.0",0.09,0.21,4.362
"61","Mediterranean","Festsumm","Poaceae","Festuca summilusitana","250821-02",2022,"C12.0",0.05,0.31,1.48
"62","Mediterranean","Festsumm","Poaceae","Festuca summilusitana","250821-02",2022,"C14.0",0.14,0.93,1.48
"63","Mediterranean","Festsumm","Poaceae","Festuca summilusitana","250821-02",2022,"C15.0",0,0,1.48
"64","Mediterranean","Festsumm","Poaceae","Festuca summilusitana","250821-02",2022,"C16.0",2.18,14.75,1.48
"65","Mediterranean","Festsumm","Poaceae","Festuca summilusitana","250821-02",2022,"C16.1n7",0.15,1.02,1.48
"66","Mediterranean","Festsumm","Poaceae","Festuca summilusitana","250821-02",2022,"C17.0",0,0,1.48
"67","Mediterranean","Festsumm","Poaceae","Festuca summilusitana","250821-02",2022,"C18.0",0.25,1.68,1.48
"68","Mediterranean","Festsumm","Poaceae","Festuca summilusitana","250821-02",2022,"C18.1n7c",0.35,2.37,1.48
"69","Mediterranean","Festsumm","Poaceae","Festuca summilusitana","250821-02",2022,"C18.1n9c",3.08,20.8,1.48
"70","Mediterranean","Festsumm","Poaceae","Festuca summilusitana","250821-02",2022,"C18.2n6c",7.34,49.59,1.48
"71","Mediterranean","Festsumm","Poaceae","Festuca summilusitana","250821-02",2022,"C18.3n3",0.89,6.01,1.48
"72","Mediterranean","Festsumm","Poaceae","Festuca summilusitana","250821-02",2022,"C18.3n6",0,0,1.48
"73","Mediterranean","Festsumm","Poaceae","Festuca summilusitana","250821-02",2022,"C18.4n3",0,0,1.48
"74","Mediterranean","Festsumm","Poaceae","Festuca summilusitana","250821-02",2022,"C20.0",0.16,1.08,1.48
"75","Mediterranean","Festsumm","Poaceae","Festuca summilusitana","250821-02",2022,"C20.1n9",0.09,0.62,1.48
"76","Mediterranean","Festsumm","Poaceae","Festuca summilusitana","250821-02",2022,"C20.2n6",0,0,1.48
"77","Mediterranean","Festsumm","Poaceae","Festuca summilusitana","250821-02",2022,"C22.0",0.05,0.37,1.48
"78","Mediterranean","Festsumm","Poaceae","Festuca summilusitana","250821-02",2022,"C22.1n9",0,0,1.48
"79","Mediterranean","Festsumm","Poaceae","Festuca summilusitana","250821-02",2022,"C22.2n6",0,0,1.48
"80","Mediterranean","Festsumm","Poaceae","Festuca summilusitana","250821-02",2022,"C24.0",0.07,0.49,1.48
"81","Mediterranean","Helimarg","Poaceae","Helictochloa marginata","040822-10",2023,"C12.0",0,0,9.171
"82","Mediterranean","Helimarg","Poaceae","Helictochloa marginata","040822-10",2023,"C14.0",0.07,0.07,9.171
"83","Mediterranean","Helimarg","Poaceae","Helictochloa marginata","040822-10",2023,"C15.0",0,0,9.171
"84","Mediterranean","Helimarg","Poaceae","Helictochloa marginata","040822-10",2023,"C16.0",7.72,8.41,9.171
"85","Mediterranean","Helimarg","Poaceae","Helictochloa marginata","040822-10",2023,"C16.1n7",0.08,0.09,9.171
"86","Mediterranean","Helimarg","Poaceae","Helictochloa marginata","040822-10",2023,"C17.0",0.09,0.09,9.171
"87","Mediterranean","Helimarg","Poaceae","Helictochloa marginata","040822-10",2023,"C18.0",2.23,2.43,9.171
"88","Mediterranean","Helimarg","Poaceae","Helictochloa marginata","040822-10",2023,"C18.1n7c",0.73,0.8,9.171
"89","Mediterranean","Helimarg","Poaceae","Helictochloa marginata","040822-10",2023,"C18.1n9c",37.99,41.42,9.171
"90","Mediterranean","Helimarg","Poaceae","Helictochloa marginata","040822-10",2023,"C18.2n6c",40.41,44.07,9.171
"91","Mediterranean","Helimarg","Poaceae","Helictochloa marginata","040822-10",2023,"C18.3n3",1.36,1.49,9.171
"92","Mediterranean","Helimarg","Poaceae","Helictochloa marginata","040822-10",2023,"C18.3n6",0,0,9.171
"93","Mediterranean","Helimarg","Poaceae","Helictochloa marginata","040822-10",2023,"C18.4n3",0,0,9.171
"94","Mediterranean","Helimarg","Poaceae","Helictochloa marginata","040822-10",2023,"C20.0",0.21,0.23,9.171
"95","Mediterranean","Helimarg","Poaceae","Helictochloa marginata","040822-10",2023,"C20.1n9",0.64,0.7,9.171
"96","Mediterranean","Helimarg","Poaceae","Helictochloa marginata","040822-10",2023,"C20.2n6",0,0,9.171
"97","Mediterranean","Helimarg","Poaceae","Helictochloa marginata","040822-10",2023,"C22.0",0.09,0.1,9.171
"98","Mediterranean","Helimarg","Poaceae","Helictochloa marginata","040822-10",2023,"C22.1n9",0,0,9.171
"99","Mediterranean","Helimarg","Poaceae","Helictochloa marginata","040822-10",2023,"C22.2n6",0,0,9.171
"100","Mediterranean","Helimarg","Poaceae","Helictochloa marginata","040822-10",2023,"C24.0",0.09,0.1,9.171
"101","Mediterranean","Jurihumi","Asteraceae","Jurinea humilis","120821-03",2023,"C12.0",0,0,8.253
"102","Mediterranean","Jurihumi","Asteraceae","Jurinea humilis","120821-03",2023,"C14.0",0.23,0.27,8.253
"103","Mediterranean","Jurihumi","Asteraceae","Jurinea humilis","120821-03",2023,"C15.0",0,0,8.253
"104","Mediterranean","Jurihumi","Asteraceae","Jurinea humilis","120821-03",2023,"C16.0",6.5,7.88,8.253
"105","Mediterranean","Jurihumi","Asteraceae","Jurinea humilis","120821-03",2023,"C16.1n7",0.07,0.09,8.253
"106","Mediterranean","Jurihumi","Asteraceae","Jurinea humilis","120821-03",2023,"C17.0",0.05,0.05,8.253
"107","Mediterranean","Jurihumi","Asteraceae","Jurinea humilis","120821-03",2023,"C18.0",3.31,4.01,8.253
"108","Mediterranean","Jurihumi","Asteraceae","Jurinea humilis","120821-03",2023,"C18.1n7c",0.54,0.66,8.253
"109","Mediterranean","Jurihumi","Asteraceae","Jurinea humilis","120821-03",2023,"C18.1n9c",25.79,31.24,8.253
"110","Mediterranean","Jurihumi","Asteraceae","Jurinea humilis","120821-03",2023,"C18.2n6c",40.69,49.3,8.253
"111","Mediterranean","Jurihumi","Asteraceae","Jurinea humilis","120821-03",2023,"C18.3n3",0.16,0.2,8.253
"112","Mediterranean","Jurihumi","Asteraceae","Jurinea humilis","120821-03",2023,"C18.3n6",0,0,8.253
"113","Mediterranean","Jurihumi","Asteraceae","Jurinea humilis","120821-03",2023,"C18.4n3",0,0,8.253
"114","Mediterranean","Jurihumi","Asteraceae","Jurinea humilis","120821-03",2023,"C20.0",0.52,0.63,8.253
"115","Mediterranean","Jurihumi","Asteraceae","Jurinea humilis","120821-03",2023,"C20.1n9",4.31,5.22,8.253
"116","Mediterranean","Jurihumi","Asteraceae","Jurinea humilis","120821-03",2023,"C20.2n6",0,0,8.253
"117","Mediterranean","Jurihumi","Asteraceae","Jurinea humilis","120821-03",2023,"C22.0",0.15,0.18,8.253
"118","Mediterranean","Jurihumi","Asteraceae","Jurinea humilis","120821-03",2023,"C22.1n9",0,0,8.253
"119","Mediterranean","Jurihumi","Asteraceae","Jurinea humilis","120821-03",2023,"C22.2n6",0,0,8.253
"120","Mediterranean","Jurihumi","Asteraceae","Jurinea humilis","120821-03",2023,"C24.0",0.21,0.25,8.253
"121","Mediterranean","Luzucaes","Juncaceae","Luzula caespitosa","110821-03",2023,"C12.0",0,0,3.372
"122","Mediterranean","Luzucaes","Juncaceae","Luzula caespitosa","110821-03",2023,"C14.0",0.05,0.15,3.372
"123","Mediterranean","Luzucaes","Juncaceae","Luzula caespitosa","110821-03",2023,"C15.0",0,0,3.372
"124","Mediterranean","Luzucaes","Juncaceae","Luzula caespitosa","110821-03",2023,"C16.0",3.62,10.73,3.372
"125","Mediterranean","Luzucaes","Juncaceae","Luzula caespitosa","110821-03",2023,"C16.1n7",0,0,3.372
"126","Mediterranean","Luzucaes","Juncaceae","Luzula caespitosa","110821-03",2023,"C17.0",0.08,0.23,3.372
"127","Mediterranean","Luzucaes","Juncaceae","Luzula caespitosa","110821-03",2023,"C18.0",0.8,2.36,3.372
"128","Mediterranean","Luzucaes","Juncaceae","Luzula caespitosa","110821-03",2023,"C18.1n7c",0.21,0.63,3.372
"129","Mediterranean","Luzucaes","Juncaceae","Luzula caespitosa","110821-03",2023,"C18.1n9c",20.75,61.56,3.372
"130","Mediterranean","Luzucaes","Juncaceae","Luzula caespitosa","110821-03",2023,"C18.2n6c",5.82,17.27,3.372
"131","Mediterranean","Luzucaes","Juncaceae","Luzula caespitosa","110821-03",2023,"C18.3n3",0.13,0.38,3.372
"132","Mediterranean","Luzucaes","Juncaceae","Luzula caespitosa","110821-03",2023,"C18.3n6",0,0,3.372
"133","Mediterranean","Luzucaes","Juncaceae","Luzula caespitosa","110821-03",2023,"C18.4n3",0,0,3.372
"134","Mediterranean","Luzucaes","Juncaceae","Luzula caespitosa","110821-03",2023,"C20.0",0.09,0.26,3.372
"135","Mediterranean","Luzucaes","Juncaceae","Luzula caespitosa","110821-03",2023,"C20.1n9",1.46,4.33,3.372
"136","Mediterranean","Luzucaes","Juncaceae","Luzula caespitosa","110821-03",2023,"C20.2n6",0,0,3.372
"137","Mediterranean","Luzucaes","Juncaceae","Luzula caespitosa","110821-03",2023,"C22.0",0.16,0.46,3.372
"138","Mediterranean","Luzucaes","Juncaceae","Luzula caespitosa","110821-03",2023,"C22.1n9",0.45,1.34,3.372
"139","Mediterranean","Luzucaes","Juncaceae","Luzula caespitosa","110821-03",2023,"C22.2n6",0,0,3.372
"140","Mediterranean","Luzucaes","Juncaceae","Luzula caespitosa","110821-03",2023,"C24.0",0.1,0.28,3.372
"141","Mediterranean","Minurecu","Caryophyllaceae","Minuartia recurva","110821-07",2023,"C12.0",0,0,3.289
"142","Mediterranean","Minurecu","Caryophyllaceae","Minuartia recurva","110821-07",2023,"C14.0",0,0,3.289
"143","Mediterranean","Minurecu","Caryophyllaceae","Minuartia recurva","110821-07",2023,"C15.0",0,0,3.289
"144","Mediterranean","Minurecu","Caryophyllaceae","Minuartia recurva","110821-07",2023,"C16.0",4.36,13.25,3.289
"145","Mediterranean","Minurecu","Caryophyllaceae","Minuartia recurva","110821-07",2023,"C16.1n7",0.08,0.23,3.289
"146","Mediterranean","Minurecu","Caryophyllaceae","Minuartia recurva","110821-07",2023,"C17.0",0.05,0.15,3.289
"147","Mediterranean","Minurecu","Caryophyllaceae","Minuartia recurva","110821-07",2023,"C18.0",0.55,1.69,3.289
"148","Mediterranean","Minurecu","Caryophyllaceae","Minuartia recurva","110821-07",2023,"C18.1n7c",0.48,1.47,3.289
"149","Mediterranean","Minurecu","Caryophyllaceae","Minuartia recurva","110821-07",2023,"C18.1n9c",7.63,23.19,3.289
"150","Mediterranean","Minurecu","Caryophyllaceae","Minuartia recurva","110821-07",2023,"C18.2n6c",16.11,48.98,3.289
"151","Mediterranean","Minurecu","Caryophyllaceae","Minuartia recurva","110821-07",2023,"C18.3n3",0.59,1.8,3.289
"152","Mediterranean","Minurecu","Caryophyllaceae","Minuartia recurva","110821-07",2023,"C18.3n6",2.61,7.94,3.289
"153","Mediterranean","Minurecu","Caryophyllaceae","Minuartia recurva","110821-07",2023,"C18.4n3",0,0,3.289
"154","Mediterranean","Minurecu","Caryophyllaceae","Minuartia recurva","110821-07",2023,"C20.0",0.1,0.3,3.289
"155","Mediterranean","Minurecu","Caryophyllaceae","Minuartia recurva","110821-07",2023,"C20.1n9",0.14,0.43,3.289
"156","Mediterranean","Minurecu","Caryophyllaceae","Minuartia recurva","110821-07",2023,"C20.2n6",0,0,3.289
"157","Mediterranean","Minurecu","Caryophyllaceae","Minuartia recurva","110821-07",2023,"C22.0",0.06,0.19,3.289
"158","Mediterranean","Minurecu","Caryophyllaceae","Minuartia recurva","110821-07",2023,"C22.1n9",0,0,3.289
"159","Mediterranean","Minurecu","Caryophyllaceae","Minuartia recurva","110821-07",2023,"C22.2n6",0,0,3.289
"160","Mediterranean","Minurecu","Caryophyllaceae","Minuartia recurva","110821-07",2023,"C24.0",0.13,0.39,3.289
"161","Mediterranean","Neostrun","Poaceae","Neoschischkinia truncatula","250821-03",2023,"C12.0",0,0,3.265
"162","Mediterranean","Neostrun","Poaceae","Neoschischkinia truncatula","250821-03",2023,"C14.0",0.07,0.2,3.265
"163","Mediterranean","Neostrun","Poaceae","Neoschischkinia truncatula","250821-03",2023,"C15.0",0,0,3.265
"164","Mediterranean","Neostrun","Poaceae","Neoschischkinia truncatula","250821-03",2023,"C16.0",4.03,12.36,3.265
"165","Mediterranean","Neostrun","Poaceae","Neoschischkinia truncatula","250821-03",2023,"C16.1n7",0.07,0.2,3.265
"166","Mediterranean","Neostrun","Poaceae","Neoschischkinia truncatula","250821-03",2023,"C17.0",0,0,3.265
"167","Mediterranean","Neostrun","Poaceae","Neoschischkinia truncatula","250821-03",2023,"C18.0",0.25,0.76,3.265
"168","Mediterranean","Neostrun","Poaceae","Neoschischkinia truncatula","250821-03",2023,"C18.1n7c",0.55,1.7,3.265
"169","Mediterranean","Neostrun","Poaceae","Neoschischkinia truncatula","250821-03",2023,"C18.1n9c",6.03,18.46,3.265
"170","Mediterranean","Neostrun","Poaceae","Neoschischkinia truncatula","250821-03",2023,"C18.2n6c",19.45,59.56,3.265
"171","Mediterranean","Neostrun","Poaceae","Neoschischkinia truncatula","250821-03",2023,"C18.3n3",1.93,5.92,3.265
"172","Mediterranean","Neostrun","Poaceae","Neoschischkinia truncatula","250821-03",2023,"C18.3n6",0,0,3.265
"173","Mediterranean","Neostrun","Poaceae","Neoschischkinia truncatula","250821-03",2023,"C18.4n3",0,0,3.265
"174","Mediterranean","Neostrun","Poaceae","Neoschischkinia truncatula","250821-03",2023,"C20.0",0.04,0.14,3.265
"175","Mediterranean","Neostrun","Poaceae","Neoschischkinia truncatula","250821-03",2023,"C20.1n9",0.17,0.53,3.265
"176","Mediterranean","Neostrun","Poaceae","Neoschischkinia truncatula","250821-03",2023,"C20.2n6",0,0,3.265
"177","Mediterranean","Neostrun","Poaceae","Neoschischkinia truncatula","250821-03",2023,"C22.0",0.06,0.17,3.265
"178","Mediterranean","Neostrun","Poaceae","Neoschischkinia truncatula","250821-03",2023,"C22.1n9",0,0,3.265
"179","Mediterranean","Neostrun","Poaceae","Neoschischkinia truncatula","250821-03",2023,"C22.2n6",0,0,3.265
"180","Mediterranean","Neostrun","Poaceae","Neoschischkinia truncatula","250821-03",2023,"C24.0",0,0,3.265
"181","Mediterranean","Phythemi","Campanulaceae","Phyteuma hemisphaericum","240821-10",2023,"C12.0",0,0,19.685
"182","Mediterranean","Phythemi","Campanulaceae","Phyteuma hemisphaericum","240821-10",2023,"C14.0",0.12,0.06,19.685
"183","Mediterranean","Phythemi","Campanulaceae","Phyteuma hemisphaericum","240821-10",2023,"C15.0",0,0,19.685
"184","Mediterranean","Phythemi","Campanulaceae","Phyteuma hemisphaericum","240821-10",2023,"C16.0",14.07,7.15,19.685
"185","Mediterranean","Phythemi","Campanulaceae","Phyteuma hemisphaericum","240821-10",2023,"C16.1n7",0.16,0.08,19.685
"186","Mediterranean","Phythemi","Campanulaceae","Phyteuma hemisphaericum","240821-10",2023,"C17.0",0.12,0.06,19.685
"187","Mediterranean","Phythemi","Campanulaceae","Phyteuma hemisphaericum","240821-10",2023,"C18.0",5.62,2.85,19.685
"188","Mediterranean","Phythemi","Campanulaceae","Phyteuma hemisphaericum","240821-10",2023,"C18.1n7c",1.13,0.57,19.685
"189","Mediterranean","Phythemi","Campanulaceae","Phyteuma hemisphaericum","240821-10",2023,"C18.1n9c",26.52,13.47,19.685
"190","Mediterranean","Phythemi","Campanulaceae","Phyteuma hemisphaericum","240821-10",2023,"C18.2n6c",145.48,73.9,19.685
"191","Mediterranean","Phythemi","Campanulaceae","Phyteuma hemisphaericum","240821-10",2023,"C18.3n3",3.23,1.64,19.685
"192","Mediterranean","Phythemi","Campanulaceae","Phyteuma hemisphaericum","240821-10",2023,"C18.3n6",0,0,19.685
"193","Mediterranean","Phythemi","Campanulaceae","Phyteuma hemisphaericum","240821-10",2023,"C18.4n3",0,0,19.685
"194","Mediterranean","Phythemi","Campanulaceae","Phyteuma hemisphaericum","240821-10",2023,"C20.0",0.12,0.06,19.685
"195","Mediterranean","Phythemi","Campanulaceae","Phyteuma hemisphaericum","240821-10",2023,"C20.1n9",0.14,0.07,19.685
"196","Mediterranean","Phythemi","Campanulaceae","Phyteuma hemisphaericum","240821-10",2023,"C20.2n6",0,0,19.685
"197","Mediterranean","Phythemi","Campanulaceae","Phyteuma hemisphaericum","240821-10",2023,"C22.0",0.06,0.03,19.685
"198","Mediterranean","Phythemi","Campanulaceae","Phyteuma hemisphaericum","240821-10",2023,"C22.1n9",0,0,19.685
"199","Mediterranean","Phythemi","Campanulaceae","Phyteuma hemisphaericum","240821-10",2023,"C22.2n6",0,0,19.685
"200","Mediterranean","Phythemi","Campanulaceae","Phyteuma hemisphaericum","240821-10",2023,"C24.0",0.08,0.04,19.685
"201","Mediterranean","Planholo","Plantaginaceae","Plantago holosteum","250821-12",2023,"C12.0",0,0,8.591
"202","Mediterranean","Planholo","Plantaginaceae","Plantago holosteum","250821-12",2023,"C14.0",0,0,8.591
"203","Mediterranean","Planholo","Plantaginaceae","Plantago holosteum","250821-12",2023,"C15.0",0,0,8.591
"204","Mediterranean","Planholo","Plantaginaceae","Plantago holosteum","250821-12",2023,"C16.0",8.41,9.79,8.591
"205","Mediterranean","Planholo","Plantaginaceae","Plantago holosteum","250821-12",2023,"C16.1n7",0.08,0.1,8.591
"206","Mediterranean","Planholo","Plantaginaceae","Plantago holosteum","250821-12",2023,"C17.0",0.07,0.08,8.591
"207","Mediterranean","Planholo","Plantaginaceae","Plantago holosteum","250821-12",2023,"C18.0",1.46,1.69,8.591
"208","Mediterranean","Planholo","Plantaginaceae","Plantago holosteum","250821-12",2023,"C18.1n7c",0.94,1.09,8.591
"209","Mediterranean","Planholo","Plantaginaceae","Plantago holosteum","250821-12",2023,"C18.1n9c",14.99,17.45,8.591
"210","Mediterranean","Planholo","Plantaginaceae","Plantago holosteum","250821-12",2023,"C18.2n6c",31.47,36.64,8.591
"211","Mediterranean","Planholo","Plantaginaceae","Plantago holosteum","250821-12",2023,"C18.3n3",28.04,32.64,8.591
"212","Mediterranean","Planholo","Plantaginaceae","Plantago holosteum","250821-12",2023,"C18.3n6",0,0,8.591
"213","Mediterranean","Planholo","Plantaginaceae","Plantago holosteum","250821-12",2023,"C18.4n3",0,0,8.591
"214","Mediterranean","Planholo","Plantaginaceae","Plantago holosteum","250821-12",2023,"C20.0",0.2,0.23,8.591
"215","Mediterranean","Planholo","Plantaginaceae","Plantago holosteum","250821-12",2023,"C20.1n9",0.11,0.12,8.591
"216","Mediterranean","Planholo","Plantaginaceae","Plantago holosteum","250821-12",2023,"C20.2n6",0.05,0.06,8.591
"217","Mediterranean","Planholo","Plantaginaceae","Plantago holosteum","250821-12",2023,"C22.0",0.09,0.1,8.591
"218","Mediterranean","Planholo","Plantaginaceae","Plantago holosteum","250821-12",2023,"C22.1n9",0,0,8.591
"219","Mediterranean","Planholo","Plantaginaceae","Plantago holosteum","250821-12",2023,"C22.2n6",0,0,8.591
"220","Mediterranean","Planholo","Plantaginaceae","Plantago holosteum","250821-12",2023,"C24.0",0,0,8.591
"221","Mediterranean","Seduangl","Crassulaceae","Sedum anglicum","240821-09",2023,"C12.0",0,0,16.906
"222","Mediterranean","Seduangl","Crassulaceae","Sedum anglicum","240821-09",2023,"C14.0",0.1,0.06,16.906
"223","Mediterranean","Seduangl","Crassulaceae","Sedum anglicum","240821-09",2023,"C15.0",0,0,16.906
"224","Mediterranean","Seduangl","Crassulaceae","Sedum anglicum","240821-09",2023,"C16.0",12.58,7.44,16.906
"225","Mediterranean","Seduangl","Crassulaceae","Sedum anglicum","240821-09",2023,"C16.1n7",0.16,0.09,16.906
"226","Mediterranean","Seduangl","Crassulaceae","Sedum anglicum","240821-09",2023,"C17.0",0.11,0.07,16.906
"227","Mediterranean","Seduangl","Crassulaceae","Sedum anglicum","240821-09",2023,"C18.0",4.17,2.46,16.906
"228","Mediterranean","Seduangl","Crassulaceae","Sedum anglicum","240821-09",2023,"C18.1n7c",1.09,0.65,16.906
"229","Mediterranean","Seduangl","Crassulaceae","Sedum anglicum","240821-09",2023,"C18.1n9c",14.36,8.5,16.906
"230","Mediterranean","Seduangl","Crassulaceae","Sedum anglicum","240821-09",2023,"C18.2n6c",47.61,28.16,16.906
"231","Mediterranean","Seduangl","Crassulaceae","Sedum anglicum","240821-09",2023,"C18.3n3",87.15,51.55,16.906
"232","Mediterranean","Seduangl","Crassulaceae","Sedum anglicum","240821-09",2023,"C18.3n6",0,0,16.906
"233","Mediterranean","Seduangl","Crassulaceae","Sedum anglicum","240821-09",2023,"C18.4n3",0,0,16.906
"234","Mediterranean","Seduangl","Crassulaceae","Sedum anglicum","240821-09",2023,"C20.0",0.76,0.45,16.906
"235","Mediterranean","Seduangl","Crassulaceae","Sedum anglicum","240821-09",2023,"C20.1n9",0.12,0.07,16.906
"236","Mediterranean","Seduangl","Crassulaceae","Sedum anglicum","240821-09",2023,"C20.2n6",0.08,0.04,16.906
"237","Mediterranean","Seduangl","Crassulaceae","Sedum anglicum","240821-09",2023,"C22.0",0.51,0.3,16.906
"238","Mediterranean","Seduangl","Crassulaceae","Sedum anglicum","240821-09",2023,"C22.1n9",0,0,16.906
"239","Mediterranean","Seduangl","Crassulaceae","Sedum anglicum","240821-09",2023,"C22.2n6",0,0,16.906
"240","Mediterranean","Seduangl","Crassulaceae","Sedum anglicum","240821-09",2023,"C24.0",0.26,0.15,16.906
"241","Mediterranean","Sedubrev","Crassulaceae","Sedum brevifolium","240821-11",2023,"C12.0",0,0,12.364
"242","Mediterranean","Sedubrev","Crassulaceae","Sedum brevifolium","240821-11",2023,"C14.0",0.08,0.07,12.364
"243","Mediterranean","Sedubrev","Crassulaceae","Sedum brevifolium","240821-11",2023,"C15.0",0,0,12.364
"244","Mediterranean","Sedubrev","Crassulaceae","Sedum brevifolium","240821-11",2023,"C16.0",8.9,7.2,12.364
"245","Mediterranean","Sedubrev","Crassulaceae","Sedum brevifolium","240821-11",2023,"C16.1n7",0.1,0.08,12.364
"246","Mediterranean","Sedubrev","Crassulaceae","Sedum brevifolium","240821-11",2023,"C17.0",0.1,0.08,12.364
"247","Mediterranean","Sedubrev","Crassulaceae","Sedum brevifolium","240821-11",2023,"C18.0",3.86,3.12,12.364
"248","Mediterranean","Sedubrev","Crassulaceae","Sedum brevifolium","240821-11",2023,"C18.1n7c",0.74,0.6,12.364
"249","Mediterranean","Sedubrev","Crassulaceae","Sedum brevifolium","240821-11",2023,"C18.1n9c",8.15,6.59,12.364
"250","Mediterranean","Sedubrev","Crassulaceae","Sedum brevifolium","240821-11",2023,"C18.2n6c",39.36,31.83,12.364
"251","Mediterranean","Sedubrev","Crassulaceae","Sedum brevifolium","240821-11",2023,"C18.3n3",60.79,49.17,12.364
"252","Mediterranean","Sedubrev","Crassulaceae","Sedum brevifolium","240821-11",2023,"C18.3n6",0,0,12.364
"253","Mediterranean","Sedubrev","Crassulaceae","Sedum brevifolium","240821-11",2023,"C18.4n3",0,0,12.364
"254","Mediterranean","Sedubrev","Crassulaceae","Sedum brevifolium","240821-11",2023,"C20.0",0.66,0.54,12.364
"255","Mediterranean","Sedubrev","Crassulaceae","Sedum brevifolium","240821-11",2023,"C20.1n9",0.09,0.07,12.364
"256","Mediterranean","Sedubrev","Crassulaceae","Sedum brevifolium","240821-11",2023,"C20.2n6",0.09,0.07,12.364
"257","Mediterranean","Sedubrev","Crassulaceae","Sedum brevifolium","240821-11",2023,"C22.0",0.56,0.45,12.364
"258","Mediterranean","Sedubrev","Crassulaceae","Sedum brevifolium","240821-11",2023,"C22.1n9",0,0,12.364
"259","Mediterranean","Sedubrev","Crassulaceae","Sedum brevifolium","240821-11",2023,"C22.2n6",0,0,12.364
"260","Mediterranean","Sedubrev","Crassulaceae","Sedum brevifolium","240821-11",2023,"C24.0",0.16,0.13,12.364
"261","Mediterranean","Silecili.1","Caryophyllaceae","Silene ciliata","040822-07",2023,"C12.0",0,0,2.734
"262","Mediterranean","Silecili.1","Caryophyllaceae","Silene ciliata","040822-07",2023,"C14.0",0,0,2.734
"263","Mediterranean","Silecili.1","Caryophyllaceae","Silene ciliata","040822-07",2023,"C15.0",0,0,2.734
"264","Mediterranean","Silecili.1","Caryophyllaceae","Silene ciliata","040822-07",2023,"C16.0",3.56,13.02,2.734
"265","Mediterranean","Silecili.1","Caryophyllaceae","Silene ciliata","040822-07",2023,"C16.1n7",0.03,0.1,2.734
"266","Mediterranean","Silecili.1","Caryophyllaceae","Silene ciliata","040822-07",2023,"C17.0",0.04,0.16,2.734
"267","Mediterranean","Silecili.1","Caryophyllaceae","Silene ciliata","040822-07",2023,"C18.0",0.37,1.34,2.734
"268","Mediterranean","Silecili.1","Caryophyllaceae","Silene ciliata","040822-07",2023,"C18.1n7c",0.25,0.93,2.734
"269","Mediterranean","Silecili.1","Caryophyllaceae","Silene ciliata","040822-07",2023,"C18.1n9c",5.28,19.32,2.734
"270","Mediterranean","Silecili.1","Caryophyllaceae","Silene ciliata","040822-07",2023,"C18.2n6c",16.39,59.96,2.734
"271","Mediterranean","Silecili.1","Caryophyllaceae","Silene ciliata","040822-07",2023,"C18.3n3",0.38,1.39,2.734
"272","Mediterranean","Silecili.1","Caryophyllaceae","Silene ciliata","040822-07",2023,"C18.3n6",0.5,1.84,2.734
"273","Mediterranean","Silecili.1","Caryophyllaceae","Silene ciliata","040822-07",2023,"C18.4n3",0.05,0.19,2.734
"274","Mediterranean","Silecili.1","Caryophyllaceae","Silene ciliata","040822-07",2023,"C20.0",0.15,0.55,2.734
"275","Mediterranean","Silecili.1","Caryophyllaceae","Silene ciliata","040822-07",2023,"C20.1n9",0.1,0.37,2.734
"276","Mediterranean","Silecili.1","Caryophyllaceae","Silene ciliata","040822-07",2023,"C20.2n6",0.07,0.24,2.734
"277","Mediterranean","Silecili.1","Caryophyllaceae","Silene ciliata","040822-07",2023,"C22.0",0.05,0.18,2.734
"278","Mediterranean","Silecili.1","Caryophyllaceae","Silene ciliata","040822-07",2023,"C22.1n9",0,0,2.734
"279","Mediterranean","Silecili.1","Caryophyllaceae","Silene ciliata","040822-07",2023,"C22.2n6",0,0,2.734
"280","Mediterranean","Silecili.1","Caryophyllaceae","Silene ciliata","040822-07",2023,"C24.0",0.12,0.43,2.734
"281","Mediterranean","Solivirg","Asteraceae","Solidago virgaurea","240821-08",2023,"C12.0",0,0,15.593
"282","Mediterranean","Solivirg","Asteraceae","Solidago virgaurea","240821-08",2023,"C14.0",0.3,0.19,15.593
"283","Mediterranean","Solivirg","Asteraceae","Solidago virgaurea","240821-08",2023,"C15.0",0,0,15.593
"284","Mediterranean","Solivirg","Asteraceae","Solidago virgaurea","240821-08",2023,"C16.0",11.47,7.36,15.593
"285","Mediterranean","Solivirg","Asteraceae","Solidago virgaurea","240821-08",2023,"C16.1n7",0.17,0.11,15.593
"286","Mediterranean","Solivirg","Asteraceae","Solidago virgaurea","240821-08",2023,"C17.0",0.21,0.14,15.593
"287","Mediterranean","Solivirg","Asteraceae","Solidago virgaurea","240821-08",2023,"C18.0",4.98,3.19,15.593
"288","Mediterranean","Solivirg","Asteraceae","Solidago virgaurea","240821-08",2023,"C18.1n7c",0.92,0.59,15.593
"289","Mediterranean","Solivirg","Asteraceae","Solidago virgaurea","240821-08",2023,"C18.1n9c",48.17,30.89,15.593
"290","Mediterranean","Solivirg","Asteraceae","Solidago virgaurea","240821-08",2023,"C18.2n6c",82.83,53.12,15.593
"291","Mediterranean","Solivirg","Asteraceae","Solidago virgaurea","240821-08",2023,"C18.3n3",0.95,0.61,15.593
"292","Mediterranean","Solivirg","Asteraceae","Solidago virgaurea","240821-08",2023,"C18.3n6",4.05,2.6,15.593
"293","Mediterranean","Solivirg","Asteraceae","Solidago virgaurea","240821-08",2023,"C18.4n3",0,0,15.593
"294","Mediterranean","Solivirg","Asteraceae","Solidago virgaurea","240821-08",2023,"C20.0",0.82,0.52,15.593
"295","Mediterranean","Solivirg","Asteraceae","Solidago virgaurea","240821-08",2023,"C20.1n9",0.37,0.24,15.593
"296","Mediterranean","Solivirg","Asteraceae","Solidago virgaurea","240821-08",2023,"C20.2n6",0,0,15.593
"297","Mediterranean","Solivirg","Asteraceae","Solidago virgaurea","240821-08",2023,"C22.0",0.31,0.2,15.593
"298","Mediterranean","Solivirg","Asteraceae","Solidago virgaurea","240821-08",2023,"C22.1n9",0,0,15.593
"299","Mediterranean","Solivirg","Asteraceae","Solidago virgaurea","240821-08",2023,"C22.2n6",0,0,15.593
"300","Mediterranean","Solivirg","Asteraceae","Solidago virgaurea","240821-08",2023,"C24.0",0.38,0.24,15.593
"301","Mediterranean","Spermori","Caryophyllaceae","Spergula morisonii","310522-01",2023,"C12.0",0,0,5.602
"302","Mediterranean","Spermori","Caryophyllaceae","Spergula morisonii","310522-01",2023,"C14.0",0,0,5.602
"303","Mediterranean","Spermori","Caryophyllaceae","Spergula morisonii","310522-01",2023,"C15.0",0,0,5.602
"304","Mediterranean","Spermori","Caryophyllaceae","Spergula morisonii","310522-01",2023,"C16.0",6.25,11.15,5.602
"305","Mediterranean","Spermori","Caryophyllaceae","Spergula morisonii","310522-01",2023,"C16.1n7",0.09,0.15,5.602
"306","Mediterranean","Spermori","Caryophyllaceae","Spergula morisonii","310522-01",2023,"C17.0",0.06,0.11,5.602
"307","Mediterranean","Spermori","Caryophyllaceae","Spergula morisonii","310522-01",2023,"C18.0",1.32,2.36,5.602
"308","Mediterranean","Spermori","Caryophyllaceae","Spergula morisonii","310522-01",2023,"C18.1n7c",0.79,1.4,5.602
"309","Mediterranean","Spermori","Caryophyllaceae","Spergula morisonii","310522-01",2023,"C18.1n9c",20.09,35.85,5.602
"310","Mediterranean","Spermori","Caryophyllaceae","Spergula morisonii","310522-01",2023,"C18.2n6c",23.37,41.71,5.602
"311","Mediterranean","Spermori","Caryophyllaceae","Spergula morisonii","310522-01",2023,"C18.3n3",2.67,4.77,5.602
"312","Mediterranean","Spermori","Caryophyllaceae","Spergula morisonii","310522-01",2023,"C18.3n6",0.73,1.31,5.602
"313","Mediterranean","Spermori","Caryophyllaceae","Spergula morisonii","310522-01",2023,"C18.4n3",0,0,5.602
"314","Mediterranean","Spermori","Caryophyllaceae","Spergula morisonii","310522-01",2023,"C20.0",0.16,0.29,5.602
"315","Mediterranean","Spermori","Caryophyllaceae","Spergula morisonii","310522-01",2023,"C20.1n9",0.34,0.62,5.602
"316","Mediterranean","Spermori","Caryophyllaceae","Spergula morisonii","310522-01",2023,"C20.2n6",0,0,5.602
"317","Mediterranean","Spermori","Caryophyllaceae","Spergula morisonii","310522-01",2023,"C22.0",0.06,0.1,5.602
"318","Mediterranean","Spermori","Caryophyllaceae","Spergula morisonii","310522-01",2023,"C22.1n9",0.09,0.17,5.602
"319","Mediterranean","Spermori","Caryophyllaceae","Spergula morisonii","310522-01",2023,"C22.2n6",0,0,5.602
"320","Mediterranean","Spermori","Caryophyllaceae","Spergula morisonii","310522-01",2023,"C24.0",0,0,5.602
"321","Mediterranean","Teesconf","Brassicaceae","Teesdalia conferta","090822-04",2023,"C12.0",0,0,7.963
"322","Mediterranean","Teesconf","Brassicaceae","Teesdalia conferta","090822-04",2023,"C14.0",0.17,0.21,7.963
"323","Mediterranean","Teesconf","Brassicaceae","Teesdalia conferta","090822-04",2023,"C15.0",0,0,7.963
"324","Mediterranean","Teesconf","Brassicaceae","Teesdalia conferta","090822-04",2023,"C16.0",5.96,7.48,7.963
"325","Mediterranean","Teesconf","Brassicaceae","Teesdalia conferta","090822-04",2023,"C16.1n7",0.39,0.49,7.963
"326","Mediterranean","Teesconf","Brassicaceae","Teesdalia conferta","090822-04",2023,"C17.0",0,0,7.963
"327","Mediterranean","Teesconf","Brassicaceae","Teesdalia conferta","090822-04",2023,"C18.0",0.69,0.87,7.963
"328","Mediterranean","Teesconf","Brassicaceae","Teesdalia conferta","090822-04",2023,"C18.1n7c",1.29,1.62,7.963
"329","Mediterranean","Teesconf","Brassicaceae","Teesdalia conferta","090822-04",2023,"C18.1n9c",17.17,21.56,7.963
"330","Mediterranean","Teesconf","Brassicaceae","Teesdalia conferta","090822-04",2023,"C18.2n6c",12.03,15.11,7.963
"331","Mediterranean","Teesconf","Brassicaceae","Teesdalia conferta","090822-04",2023,"C18.3n3",8.38,10.52,7.963
"332","Mediterranean","Teesconf","Brassicaceae","Teesdalia conferta","090822-04",2023,"C18.3n6",0,0,7.963
"333","Mediterranean","Teesconf","Brassicaceae","Teesdalia conferta","090822-04",2023,"C18.4n3",0,0,7.963
"334","Mediterranean","Teesconf","Brassicaceae","Teesdalia conferta","090822-04",2023,"C20.0",0.56,0.7,7.963
"335","Mediterranean","Teesconf","Brassicaceae","Teesdalia conferta","090822-04",2023,"C20.1n9",7.79,9.78,7.963
"336","Mediterranean","Teesconf","Brassicaceae","Teesdalia conferta","090822-04",2023,"C20.2n6",0.43,0.54,7.963
"337","Mediterranean","Teesconf","Brassicaceae","Teesdalia conferta","090822-04",2023,"C22.0",0.53,0.66,7.963
"338","Mediterranean","Teesconf","Brassicaceae","Teesdalia conferta","090822-04",2023,"C22.1n9",23.49,29.5,7.963
"339","Mediterranean","Teesconf","Brassicaceae","Teesdalia conferta","090822-04",2023,"C22.2n6",0.36,0.45,7.963
"340","Mediterranean","Teesconf","Brassicaceae","Teesdalia conferta","090822-04",2023,"C24.0",0.39,0.49,7.963
"341","Mediterranean","Thymprae.1","Lamiaceae","Thymus praecox","110821-05",2023,"C12.0",0,0,18.422
"342","Mediterranean","Thymprae.1","Lamiaceae","Thymus praecox","110821-05",2023,"C14.0",0.09,0.05,18.422
"343","Mediterranean","Thymprae.1","Lamiaceae","Thymus praecox","110821-05",2023,"C15.0",0,0,18.422
"344","Mediterranean","Thymprae.1","Lamiaceae","Thymus praecox","110821-05",2023,"C16.0",10.35,5.62,18.422
"345","Mediterranean","Thymprae.1","Lamiaceae","Thymus praecox","110821-05",2023,"C16.1n7",0.17,0.09,18.422
"346","Mediterranean","Thymprae.1","Lamiaceae","Thymus praecox","110821-05",2023,"C17.0",0.13,0.07,18.422
"347","Mediterranean","Thymprae.1","Lamiaceae","Thymus praecox","110821-05",2023,"C18.0",3.85,2.09,18.422
"348","Mediterranean","Thymprae.1","Lamiaceae","Thymus praecox","110821-05",2023,"C18.1n7c",1.94,1.06,18.422
"349","Mediterranean","Thymprae.1","Lamiaceae","Thymus praecox","110821-05",2023,"C18.1n9c",30.33,16.46,18.422
"350","Mediterranean","Thymprae.1","Lamiaceae","Thymus praecox","110821-05",2023,"C18.2n6c",39.64,21.52,18.422
"351","Mediterranean","Thymprae.1","Lamiaceae","Thymus praecox","110821-05",2023,"C18.3n3",96.35,52.3,18.422
"352","Mediterranean","Thymprae.1","Lamiaceae","Thymus praecox","110821-05",2023,"C18.3n6",0,0,18.422
"353","Mediterranean","Thymprae.1","Lamiaceae","Thymus praecox","110821-05",2023,"C18.4n3",0,0,18.422
"354","Mediterranean","Thymprae.1","Lamiaceae","Thymus praecox","110821-05",2023,"C20.0",0.51,0.27,18.422
"355","Mediterranean","Thymprae.1","Lamiaceae","Thymus praecox","110821-05",2023,"C20.1n9",0.52,0.28,18.422
"356","Mediterranean","Thymprae.1","Lamiaceae","Thymus praecox","110821-05",2023,"C20.2n6",0,0,18.422
"357","Mediterranean","Thymprae.1","Lamiaceae","Thymus praecox","110821-05",2023,"C22.0",0.24,0.13,18.422
"358","Mediterranean","Thymprae.1","Lamiaceae","Thymus praecox","110821-05",2023,"C22.1n9",0,0,18.422
"359","Mediterranean","Thymprae.1","Lamiaceae","Thymus praecox","110821-05",2023,"C22.2n6",0,0,18.422
"360","Mediterranean","Thymprae.1","Lamiaceae","Thymus praecox","110821-05",2023,"C24.0",0.1,0.05,18.422
"361","Temperate","Andrvill","Primulaceae","Androsace villosa","310821-11",2022,"C12.0",0.24,0.48,4.883
"362","Temperate","Andrvill","Primulaceae","Androsace villosa","310821-11",2022,"C14.0",0.24,0.48,4.883
"363","Temperate","Andrvill","Primulaceae","Androsace villosa","310821-11",2022,"C15.0",0,0,4.883
"364","Temperate","Andrvill","Primulaceae","Androsace villosa","310821-11",2022,"C16.0",3.4,6.97,4.883
"365","Temperate","Andrvill","Primulaceae","Androsace villosa","310821-11",2022,"C16.1n7",0.14,0.29,4.883
"366","Temperate","Andrvill","Primulaceae","Androsace villosa","310821-11",2022,"C17.0",0.15,0.31,4.883
"367","Temperate","Andrvill","Primulaceae","Androsace villosa","310821-11",2022,"C18.0",1,2.06,4.883
"368","Temperate","Andrvill","Primulaceae","Androsace villosa","310821-11",2022,"C18.1n7c",0.23,0.46,4.883
"369","Temperate","Andrvill","Primulaceae","Androsace villosa","310821-11",2022,"C18.1n9c",15.01,30.74,4.883
"370","Temperate","Andrvill","Primulaceae","Androsace villosa","310821-11",2022,"C18.2n6c",19.05,39.02,4.883
"371","Temperate","Andrvill","Primulaceae","Androsace villosa","310821-11",2022,"C18.3n3",8.76,17.93,4.883
"372","Temperate","Andrvill","Primulaceae","Androsace villosa","310821-11",2022,"C18.3n6",0,0,4.883
"373","Temperate","Andrvill","Primulaceae","Androsace villosa","310821-11",2022,"C18.4n3",0,0,4.883
"374","Temperate","Andrvill","Primulaceae","Androsace villosa","310821-11",2022,"C20.0",0.19,0.39,4.883
"375","Temperate","Andrvill","Primulaceae","Androsace villosa","310821-11",2022,"C20.1n9",0.14,0.29,4.883
"376","Temperate","Andrvill","Primulaceae","Androsace villosa","310821-11",2022,"C20.2n6",0.01,0.03,4.883
"377","Temperate","Andrvill","Primulaceae","Androsace villosa","310821-11",2022,"C22.0",0.17,0.34,4.883
"378","Temperate","Andrvill","Primulaceae","Androsace villosa","310821-11",2022,"C22.1n9",0,0,4.883
"379","Temperate","Andrvill","Primulaceae","Androsace villosa","310821-11",2022,"C22.2n6",0,0,4.883
"380","Temperate","Andrvill","Primulaceae","Androsace villosa","310821-11",2022,"C24.0",0.1,0.2,4.883
"381","Temperate","Anthvuln","Fabaceae","Anthyllis vulneraria","310821-12",2023,"C12.0",0,0,6.428
"382","Temperate","Anthvuln","Fabaceae","Anthyllis vulneraria","310821-12",2023,"C14.0",0.08,0.12,6.428
"383","Temperate","Anthvuln","Fabaceae","Anthyllis vulneraria","310821-12",2023,"C15.0",0,0,6.428
"384","Temperate","Anthvuln","Fabaceae","Anthyllis vulneraria","310821-12",2023,"C16.0",8.23,12.81,6.428
"385","Temperate","Anthvuln","Fabaceae","Anthyllis vulneraria","310821-12",2023,"C16.1n7",0,0,6.428
"386","Temperate","Anthvuln","Fabaceae","Anthyllis vulneraria","310821-12",2023,"C17.0",0.11,0.18,6.428
"387","Temperate","Anthvuln","Fabaceae","Anthyllis vulneraria","310821-12",2023,"C18.0",2.1,3.27,6.428
"388","Temperate","Anthvuln","Fabaceae","Anthyllis vulneraria","310821-12",2023,"C18.1n7c",0.55,0.86,6.428
"389","Temperate","Anthvuln","Fabaceae","Anthyllis vulneraria","310821-12",2023,"C18.1n9c",14.36,22.34,6.428
"390","Temperate","Anthvuln","Fabaceae","Anthyllis vulneraria","310821-12",2023,"C18.2n6c",29.72,46.24,6.428
"391","Temperate","Anthvuln","Fabaceae","Anthyllis vulneraria","310821-12",2023,"C18.3n3",7.8,12.13,6.428
"392","Temperate","Anthvuln","Fabaceae","Anthyllis vulneraria","310821-12",2023,"C18.3n6",0,0,6.428
"393","Temperate","Anthvuln","Fabaceae","Anthyllis vulneraria","310821-12",2023,"C18.4n3",0,0,6.428
"394","Temperate","Anthvuln","Fabaceae","Anthyllis vulneraria","310821-12",2023,"C20.0",0.41,0.63,6.428
"395","Temperate","Anthvuln","Fabaceae","Anthyllis vulneraria","310821-12",2023,"C20.1n9",0.26,0.41,6.428
"396","Temperate","Anthvuln","Fabaceae","Anthyllis vulneraria","310821-12",2023,"C20.2n6",0,0,6.428
"397","Temperate","Anthvuln","Fabaceae","Anthyllis vulneraria","310821-12",2023,"C22.0",0.4,0.62,6.428
"398","Temperate","Anthvuln","Fabaceae","Anthyllis vulneraria","310821-12",2023,"C22.1n9",0,0,6.428
"399","Temperate","Anthvuln","Fabaceae","Anthyllis vulneraria","310821-12",2023,"C22.2n6",0,0,6.428
"400","Temperate","Anthvuln","Fabaceae","Anthyllis vulneraria","310821-12",2023,"C24.0",0.26,0.4,6.428
"401","Temperate","Arenerin","Caryophyllaceae","Arenaria erinacea","300821-08",2023,"C12.0",0,0,2.265
"402","Temperate","Arenerin","Caryophyllaceae","Arenaria erinacea","300821-08",2023,"C14.0",0,0,2.265
"403","Temperate","Arenerin","Caryophyllaceae","Arenaria erinacea","300821-08",2023,"C15.0",0,0,2.265
"404","Temperate","Arenerin","Caryophyllaceae","Arenaria erinacea","300821-08",2023,"C16.0",2.42,10.69,2.265
"405","Temperate","Arenerin","Caryophyllaceae","Arenaria erinacea","300821-08",2023,"C16.1n7",0.05,0.23,2.265
"406","Temperate","Arenerin","Caryophyllaceae","Arenaria erinacea","300821-08",2023,"C17.0",0,0,2.265
"407","Temperate","Arenerin","Caryophyllaceae","Arenaria erinacea","300821-08",2023,"C18.0",0.41,1.83,2.265
"408","Temperate","Arenerin","Caryophyllaceae","Arenaria erinacea","300821-08",2023,"C18.1n7c",0.22,0.96,2.265
"409","Temperate","Arenerin","Caryophyllaceae","Arenaria erinacea","300821-08",2023,"C18.1n9c",6.42,28.32,2.265
"410","Temperate","Arenerin","Caryophyllaceae","Arenaria erinacea","300821-08",2023,"C18.2n6c",9.12,40.26,2.265
"411","Temperate","Arenerin","Caryophyllaceae","Arenaria erinacea","300821-08",2023,"C18.3n3",0.25,1.1,2.265
"412","Temperate","Arenerin","Caryophyllaceae","Arenaria erinacea","300821-08",2023,"C18.3n6",3.43,15.16,2.265
"413","Temperate","Arenerin","Caryophyllaceae","Arenaria erinacea","300821-08",2023,"C18.4n3",0,0,2.265
"414","Temperate","Arenerin","Caryophyllaceae","Arenaria erinacea","300821-08",2023,"C20.0",0.07,0.33,2.265
"415","Temperate","Arenerin","Caryophyllaceae","Arenaria erinacea","300821-08",2023,"C20.1n9",0.11,0.47,2.265
"416","Temperate","Arenerin","Caryophyllaceae","Arenaria erinacea","300821-08",2023,"C20.2n6",0,0,2.265
"417","Temperate","Arenerin","Caryophyllaceae","Arenaria erinacea","300821-08",2023,"C22.0",0.05,0.22,2.265
"418","Temperate","Arenerin","Caryophyllaceae","Arenaria erinacea","300821-08",2023,"C22.1n9",0,0,2.265
"419","Temperate","Arenerin","Caryophyllaceae","Arenaria erinacea","300821-08",2023,"C22.2n6",0,0,2.265
"420","Temperate","Arenerin","Caryophyllaceae","Arenaria erinacea","300821-08",2023,"C24.0",0.1,0.43,2.265
"421","Temperate","Armecant","Plumbaginaceae","Armeria cantabrica","230822-01",2023,"C12.0",0,0,2.959
"422","Temperate","Armecant","Plumbaginaceae","Armeria cantabrica","230822-01",2023,"C14.0",0.11,0.36,2.959
"423","Temperate","Armecant","Plumbaginaceae","Armeria cantabrica","230822-01",2023,"C15.0",0,0,2.959
"424","Temperate","Armecant","Plumbaginaceae","Armeria cantabrica","230822-01",2023,"C16.0",4.81,16.27,2.959
"425","Temperate","Armecant","Plumbaginaceae","Armeria cantabrica","230822-01",2023,"C16.1n7",0,0,2.959
"426","Temperate","Armecant","Plumbaginaceae","Armeria cantabrica","230822-01",2023,"C17.0",0,0,2.959
"427","Temperate","Armecant","Plumbaginaceae","Armeria cantabrica","230822-01",2023,"C18.0",0.28,0.95,2.959
"428","Temperate","Armecant","Plumbaginaceae","Armeria cantabrica","230822-01",2023,"C18.1n7c",0.33,1.12,2.959
"429","Temperate","Armecant","Plumbaginaceae","Armeria cantabrica","230822-01",2023,"C18.1n9c",5.4,18.26,2.959
"430","Temperate","Armecant","Plumbaginaceae","Armeria cantabrica","230822-01",2023,"C18.2n6c",7.84,26.5,2.959
"431","Temperate","Armecant","Plumbaginaceae","Armeria cantabrica","230822-01",2023,"C18.3n3",10.03,33.91,2.959
"432","Temperate","Armecant","Plumbaginaceae","Armeria cantabrica","230822-01",2023,"C18.3n6",0,0,2.959
"433","Temperate","Armecant","Plumbaginaceae","Armeria cantabrica","230822-01",2023,"C18.4n3",0,0,2.959
"434","Temperate","Armecant","Plumbaginaceae","Armeria cantabrica","230822-01",2023,"C20.0",0.11,0.36,2.959
"435","Temperate","Armecant","Plumbaginaceae","Armeria cantabrica","230822-01",2023,"C20.1n9",0.21,0.72,2.959
"436","Temperate","Armecant","Plumbaginaceae","Armeria cantabrica","230822-01",2023,"C20.2n6",0.07,0.23,2.959
"437","Temperate","Armecant","Plumbaginaceae","Armeria cantabrica","230822-01",2023,"C22.0",0.16,0.53,2.959
"438","Temperate","Armecant","Plumbaginaceae","Armeria cantabrica","230822-01",2023,"C22.1n9",0.11,0.37,2.959
"439","Temperate","Armecant","Plumbaginaceae","Armeria cantabrica","230822-01",2023,"C22.2n6",0,0,2.959
"440","Temperate","Armecant","Plumbaginaceae","Armeria cantabrica","230822-01",2023,"C24.0",0.13,0.42,2.959
"441","Temperate","Caresemp","Cyperaceae","Carex sempervirens","310821-13",2022,"C12.0",0,0,15.004
"442","Temperate","Caresemp","Cyperaceae","Carex sempervirens","310821-13",2022,"C14.0",0.12,0.08,15.004
"443","Temperate","Caresemp","Cyperaceae","Carex sempervirens","310821-13",2022,"C15.0",0,0,15.004
"444","Temperate","Caresemp","Cyperaceae","Carex sempervirens","310821-13",2022,"C16.0",9.82,6.55,15.004
"445","Temperate","Caresemp","Cyperaceae","Carex sempervirens","310821-13",2022,"C16.1n7",0.08,0.05,15.004
"446","Temperate","Caresemp","Cyperaceae","Carex sempervirens","310821-13",2022,"C17.0",0.05,0.03,15.004
"447","Temperate","Caresemp","Cyperaceae","Carex sempervirens","310821-13",2022,"C18.0",4.46,2.98,15.004
"448","Temperate","Caresemp","Cyperaceae","Carex sempervirens","310821-13",2022,"C18.1n7c",0.87,0.58,15.004
"449","Temperate","Caresemp","Cyperaceae","Carex sempervirens","310821-13",2022,"C18.1n9c",29.3,19.53,15.004
"450","Temperate","Caresemp","Cyperaceae","Carex sempervirens","310821-13",2022,"C18.2n6c",102.3,68.18,15.004
"451","Temperate","Caresemp","Cyperaceae","Carex sempervirens","310821-13",2022,"C18.3n3",0.52,0.34,15.004
"452","Temperate","Caresemp","Cyperaceae","Carex sempervirens","310821-13",2022,"C18.3n6",1.55,1.04,15.004
"453","Temperate","Caresemp","Cyperaceae","Carex sempervirens","310821-13",2022,"C18.4n3",0.27,0.18,15.004
"454","Temperate","Caresemp","Cyperaceae","Carex sempervirens","310821-13",2022,"C20.0",0.05,0.03,15.004
"455","Temperate","Caresemp","Cyperaceae","Carex sempervirens","310821-13",2022,"C20.1n9",0.42,0.28,15.004
"456","Temperate","Caresemp","Cyperaceae","Carex sempervirens","310821-13",2022,"C20.2n6",0.23,0.15,15.004
"457","Temperate","Caresemp","Cyperaceae","Carex sempervirens","310821-13",2022,"C22.0",0,0,15.004
"458","Temperate","Caresemp","Cyperaceae","Carex sempervirens","310821-13",2022,"C22.1n9",0,0,15.004
"459","Temperate","Caresemp","Cyperaceae","Carex sempervirens","310821-13",2022,"C22.2n6",0,0,15.004
"460","Temperate","Caresemp","Cyperaceae","Carex sempervirens","310821-13",2022,"C24.0",0,0,15.004
"461","Temperate","Festglac","Poaceae","Festuca glacialis","230822-04",2023,"C12.0",0.07,0.55,1.363
"462","Temperate","Festglac","Poaceae","Festuca glacialis","230822-04",2023,"C14.0",0.09,0.65,1.363
"463","Temperate","Festglac","Poaceae","Festuca glacialis","230822-04",2023,"C15.0",0,0,1.363
"464","Temperate","Festglac","Poaceae","Festuca glacialis","230822-04",2023,"C16.0",2.18,15.97,1.363
"465","Temperate","Festglac","Poaceae","Festuca glacialis","230822-04",2023,"C16.1n7",0,0,1.363
"466","Temperate","Festglac","Poaceae","Festuca glacialis","230822-04",2023,"C17.0",0,0,1.363
"467","Temperate","Festglac","Poaceae","Festuca glacialis","230822-04",2023,"C18.0",0.22,1.64,1.363
"468","Temperate","Festglac","Poaceae","Festuca glacialis","230822-04",2023,"C18.1n7c",0.17,1.28,1.363
"469","Temperate","Festglac","Poaceae","Festuca glacialis","230822-04",2023,"C18.1n9c",2.23,16.38,1.363
"470","Temperate","Festglac","Poaceae","Festuca glacialis","230822-04",2023,"C18.2n6c",6.72,49.26,1.363
"471","Temperate","Festglac","Poaceae","Festuca glacialis","230822-04",2023,"C18.3n3",1.41,10.33,1.363
"472","Temperate","Festglac","Poaceae","Festuca glacialis","230822-04",2023,"C18.3n6",0,0,1.363
"473","Temperate","Festglac","Poaceae","Festuca glacialis","230822-04",2023,"C18.4n3",0,0,1.363
"474","Temperate","Festglac","Poaceae","Festuca glacialis","230822-04",2023,"C20.0",0.36,2.61,1.363
"475","Temperate","Festglac","Poaceae","Festuca glacialis","230822-04",2023,"C20.1n9",0.11,0.83,1.363
"476","Temperate","Festglac","Poaceae","Festuca glacialis","230822-04",2023,"C20.2n6",0,0,1.363
"477","Temperate","Festglac","Poaceae","Festuca glacialis","230822-04",2023,"C22.0",0.07,0.5,1.363
"478","Temperate","Festglac","Poaceae","Festuca glacialis","230822-04",2023,"C22.1n9",0,0,1.363
"479","Temperate","Festglac","Poaceae","Festuca glacialis","230822-04",2023,"C22.2n6",0,0,1.363
"480","Temperate","Festglac","Poaceae","Festuca glacialis","230822-04",2023,"C24.0",0,0,1.363
"481","Temperate","Gypsrepe","Caryophyllaceae","Gypsophila repens","310821-08",2023,"C12.0",0,0,3.587
"482","Temperate","Gypsrepe","Caryophyllaceae","Gypsophila repens","310821-08",2023,"C14.0",0.05,0.15,3.587
"483","Temperate","Gypsrepe","Caryophyllaceae","Gypsophila repens","310821-08",2023,"C15.0",0,0,3.587
"484","Temperate","Gypsrepe","Caryophyllaceae","Gypsophila repens","310821-08",2023,"C16.0",2.68,7.47,3.587
"485","Temperate","Gypsrepe","Caryophyllaceae","Gypsophila repens","310821-08",2023,"C16.1n7",0,0,3.587
"486","Temperate","Gypsrepe","Caryophyllaceae","Gypsophila repens","310821-08",2023,"C17.0",0,0,3.587
"487","Temperate","Gypsrepe","Caryophyllaceae","Gypsophila repens","310821-08",2023,"C18.0",0.54,1.5,3.587
"488","Temperate","Gypsrepe","Caryophyllaceae","Gypsophila repens","310821-08",2023,"C18.1n7c",0.31,0.86,3.587
"489","Temperate","Gypsrepe","Caryophyllaceae","Gypsophila repens","310821-08",2023,"C18.1n9c",11.05,30.79,3.587
"490","Temperate","Gypsrepe","Caryophyllaceae","Gypsophila repens","310821-08",2023,"C18.2n6c",19.19,53.5,3.587
"491","Temperate","Gypsrepe","Caryophyllaceae","Gypsophila repens","310821-08",2023,"C18.3n3",0.74,2.07,3.587
"492","Temperate","Gypsrepe","Caryophyllaceae","Gypsophila repens","310821-08",2023,"C18.3n6",0.4,1.13,3.587
"493","Temperate","Gypsrepe","Caryophyllaceae","Gypsophila repens","310821-08",2023,"C18.4n3",0.09,0.26,3.587
"494","Temperate","Gypsrepe","Caryophyllaceae","Gypsophila repens","310821-08",2023,"C20.0",0.14,0.38,3.587
"495","Temperate","Gypsrepe","Caryophyllaceae","Gypsophila repens","310821-08",2023,"C20.1n9",0.33,0.93,3.587
"496","Temperate","Gypsrepe","Caryophyllaceae","Gypsophila repens","310821-08",2023,"C20.2n6",0.05,0.13,3.587
"497","Temperate","Gypsrepe","Caryophyllaceae","Gypsophila repens","310821-08",2023,"C22.0",0.11,0.31,3.587
"498","Temperate","Gypsrepe","Caryophyllaceae","Gypsophila repens","310821-08",2023,"C22.1n9",0,0,3.587
"499","Temperate","Gypsrepe","Caryophyllaceae","Gypsophila repens","310821-08",2023,"C22.2n6",0,0,3.587
"500","Temperate","Gypsrepe","Caryophyllaceae","Gypsophila repens","310821-08",2023,"C24.0",0.19,0.53,3.587
"501","Temperate","Helicanu","Cistaceae","Helianthemum canum","300821-05",2023,"C12.0",0,0,5.21
"502","Temperate","Helicanu","Cistaceae","Helianthemum canum","300821-05",2023,"C14.0",0.1,0.2,5.21
"503","Temperate","Helicanu","Cistaceae","Helianthemum canum","300821-05",2023,"C15.0",0,0,5.21
"504","Temperate","Helicanu","Cistaceae","Helianthemum canum","300821-05",2023,"C16.0",8.97,17.22,5.21
"505","Temperate","Helicanu","Cistaceae","Helianthemum canum","300821-05",2023,"C16.1n7",0,0,5.21
"506","Temperate","Helicanu","Cistaceae","Helianthemum canum","300821-05",2023,"C17.0",0.11,0.2,5.21
"507","Temperate","Helicanu","Cistaceae","Helianthemum canum","300821-05",2023,"C18.0",1.06,2.03,5.21
"508","Temperate","Helicanu","Cistaceae","Helianthemum canum","300821-05",2023,"C18.1n7c",0.32,0.61,5.21
"509","Temperate","Helicanu","Cistaceae","Helianthemum canum","300821-05",2023,"C18.1n9c",4.59,8.81,5.21
"510","Temperate","Helicanu","Cistaceae","Helianthemum canum","300821-05",2023,"C18.2n6c",29.77,57.15,5.21
"511","Temperate","Helicanu","Cistaceae","Helianthemum canum","300821-05",2023,"C18.3n3",6.75,12.95,5.21
"512","Temperate","Helicanu","Cistaceae","Helianthemum canum","300821-05",2023,"C18.3n6",0,0,5.21
"513","Temperate","Helicanu","Cistaceae","Helianthemum canum","300821-05",2023,"C18.4n3",0,0,5.21
"514","Temperate","Helicanu","Cistaceae","Helianthemum canum","300821-05",2023,"C20.0",0.16,0.3,5.21
"515","Temperate","Helicanu","Cistaceae","Helianthemum canum","300821-05",2023,"C20.1n9",0.07,0.14,5.21
"516","Temperate","Helicanu","Cistaceae","Helianthemum canum","300821-05",2023,"C20.2n6",0,0,5.21
"517","Temperate","Helicanu","Cistaceae","Helianthemum canum","300821-05",2023,"C22.0",0.13,0.25,5.21
"518","Temperate","Helicanu","Cistaceae","Helianthemum canum","300821-05",2023,"C22.1n9",0,0,5.21
"519","Temperate","Helicanu","Cistaceae","Helianthemum canum","300821-05",2023,"C22.2n6",0,0,5.21
"520","Temperate","Helicanu","Cistaceae","Helianthemum canum","300821-05",2023,"C24.0",0.07,0.14,5.21
"521","Temperate","Heliurri","Cistaceae","Helianthemum urrielense","130921-05",2023,"C12.0",0,0,3.449
"522","Temperate","Heliurri","Cistaceae","Helianthemum urrielense","130921-05",2023,"C14.0",0.08,0.22,3.449
"523","Temperate","Heliurri","Cistaceae","Helianthemum urrielense","130921-05",2023,"C15.0",0,0,3.449
"524","Temperate","Heliurri","Cistaceae","Helianthemum urrielense","130921-05",2023,"C16.0",6.63,19.22,3.449
"525","Temperate","Heliurri","Cistaceae","Helianthemum urrielense","130921-05",2023,"C16.1n7",0,0,3.449
"526","Temperate","Heliurri","Cistaceae","Helianthemum urrielense","130921-05",2023,"C17.0",0.07,0.19,3.449
"527","Temperate","Heliurri","Cistaceae","Helianthemum urrielense","130921-05",2023,"C18.0",1.07,3.09,3.449
"528","Temperate","Heliurri","Cistaceae","Helianthemum urrielense","130921-05",2023,"C18.1n7c",0.25,0.72,3.449
"529","Temperate","Heliurri","Cistaceae","Helianthemum urrielense","130921-05",2023,"C18.1n9c",2.58,7.47,3.449
"530","Temperate","Heliurri","Cistaceae","Helianthemum urrielense","130921-05",2023,"C18.2n6c",16.4,47.58,3.449
"531","Temperate","Heliurri","Cistaceae","Helianthemum urrielense","130921-05",2023,"C18.3n3",7.02,20.37,3.449
"532","Temperate","Heliurri","Cistaceae","Helianthemum urrielense","130921-05",2023,"C18.3n6",0,0,3.449
"533","Temperate","Heliurri","Cistaceae","Helianthemum urrielense","130921-05",2023,"C18.4n3",0,0,3.449
"534","Temperate","Heliurri","Cistaceae","Helianthemum urrielense","130921-05",2023,"C20.0",0.16,0.47,3.449
"535","Temperate","Heliurri","Cistaceae","Helianthemum urrielense","130921-05",2023,"C20.1n9",0.04,0.11,3.449
"536","Temperate","Heliurri","Cistaceae","Helianthemum urrielense","130921-05",2023,"C20.2n6",0,0,3.449
"537","Temperate","Heliurri","Cistaceae","Helianthemum urrielense","130921-05",2023,"C22.0",0.11,0.31,3.449
"538","Temperate","Heliurri","Cistaceae","Helianthemum urrielense","130921-05",2023,"C22.1n9",0,0,3.449
"539","Temperate","Heliurri","Cistaceae","Helianthemum urrielense","130921-05",2023,"C22.2n6",0,0,3.449
"540","Temperate","Heliurri","Cistaceae","Helianthemum urrielense","130921-05",2023,"C24.0",0.08,0.24,3.449
"541","Temperate","Kobrmyos","Cyperaceae","Kobresia myosuroides","130921-03",2023,"C12.0",0,0,6.124
"542","Temperate","Kobrmyos","Cyperaceae","Kobresia myosuroides","130921-03",2023,"C14.0",0.05,0.09,6.124
"543","Temperate","Kobrmyos","Cyperaceae","Kobresia myosuroides","130921-03",2023,"C15.0",0,0,6.124
"544","Temperate","Kobrmyos","Cyperaceae","Kobresia myosuroides","130921-03",2023,"C16.0",4.07,6.65,6.124
"545","Temperate","Kobrmyos","Cyperaceae","Kobresia myosuroides","130921-03",2023,"C16.1n7",0.06,0.09,6.124
"546","Temperate","Kobrmyos","Cyperaceae","Kobresia myosuroides","130921-03",2023,"C17.0",0,0,6.124
"547","Temperate","Kobrmyos","Cyperaceae","Kobresia myosuroides","130921-03",2023,"C18.0",1.05,1.71,6.124
"548","Temperate","Kobrmyos","Cyperaceae","Kobresia myosuroides","130921-03",2023,"C18.1n7c",0.45,0.74,6.124
"549","Temperate","Kobrmyos","Cyperaceae","Kobresia myosuroides","130921-03",2023,"C18.1n9c",8.09,13.21,6.124
"550","Temperate","Kobrmyos","Cyperaceae","Kobresia myosuroides","130921-03",2023,"C18.2n6c",45.57,74.4,6.124
"551","Temperate","Kobrmyos","Cyperaceae","Kobresia myosuroides","130921-03",2023,"C18.3n3",0.63,1.03,6.124
"552","Temperate","Kobrmyos","Cyperaceae","Kobresia myosuroides","130921-03",2023,"C18.3n6",0,0,6.124
"553","Temperate","Kobrmyos","Cyperaceae","Kobresia myosuroides","130921-03",2023,"C18.4n3",0,0,6.124
"554","Temperate","Kobrmyos","Cyperaceae","Kobresia myosuroides","130921-03",2023,"C20.0",0.28,0.46,6.124
"555","Temperate","Kobrmyos","Cyperaceae","Kobresia myosuroides","130921-03",2023,"C20.1n9",0.27,0.44,6.124
"556","Temperate","Kobrmyos","Cyperaceae","Kobresia myosuroides","130921-03",2023,"C20.2n6",0.13,0.21,6.124
"557","Temperate","Kobrmyos","Cyperaceae","Kobresia myosuroides","130921-03",2023,"C22.0",0.3,0.49,6.124
"558","Temperate","Kobrmyos","Cyperaceae","Kobresia myosuroides","130921-03",2023,"C22.1n9",0,0,6.124
"559","Temperate","Kobrmyos","Cyperaceae","Kobresia myosuroides","130921-03",2023,"C22.2n6",0,0,6.124
"560","Temperate","Kobrmyos","Cyperaceae","Kobresia myosuroides","130921-03",2023,"C24.0",0.29,0.48,6.124
"561","Temperate","Koelvall","Poaceae","Koeleria vallesiana","300821-02",2023,"C12.0",0,0,9.637
"562","Temperate","Koelvall","Poaceae","Koeleria vallesiana","300821-02",2023,"C14.0",0.07,0.08,9.637
"563","Temperate","Koelvall","Poaceae","Koeleria vallesiana","300821-02",2023,"C15.0",0,0,9.637
"564","Temperate","Koelvall","Poaceae","Koeleria vallesiana","300821-02",2023,"C16.0",7.88,8.18,9.637
"565","Temperate","Koelvall","Poaceae","Koeleria vallesiana","300821-02",2023,"C16.1n7",0.13,0.13,9.637
"566","Temperate","Koelvall","Poaceae","Koeleria vallesiana","300821-02",2023,"C17.0",0.09,0.1,9.637
"567","Temperate","Koelvall","Poaceae","Koeleria vallesiana","300821-02",2023,"C18.0",2.28,2.37,9.637
"568","Temperate","Koelvall","Poaceae","Koeleria vallesiana","300821-02",2023,"C18.1n7c",0.85,0.88,9.637
"569","Temperate","Koelvall","Poaceae","Koeleria vallesiana","300821-02",2023,"C18.1n9c",19.31,20.03,9.637
"570","Temperate","Koelvall","Poaceae","Koeleria vallesiana","300821-02",2023,"C18.2n6c",62.8,65.17,9.637
"571","Temperate","Koelvall","Poaceae","Koeleria vallesiana","300821-02",2023,"C18.3n3",2.09,2.17,9.637
"572","Temperate","Koelvall","Poaceae","Koeleria vallesiana","300821-02",2023,"C18.3n6",0,0,9.637
"573","Temperate","Koelvall","Poaceae","Koeleria vallesiana","300821-02",2023,"C18.4n3",0,0,9.637
"574","Temperate","Koelvall","Poaceae","Koeleria vallesiana","300821-02",2023,"C20.0",0.3,0.31,9.637
"575","Temperate","Koelvall","Poaceae","Koeleria vallesiana","300821-02",2023,"C20.1n9",0.36,0.37,9.637
"576","Temperate","Koelvall","Poaceae","Koeleria vallesiana","300821-02",2023,"C20.2n6",0,0,9.637
"577","Temperate","Koelvall","Poaceae","Koeleria vallesiana","300821-02",2023,"C22.0",0.12,0.12,9.637
"578","Temperate","Koelvall","Poaceae","Koeleria vallesiana","300821-02",2023,"C22.1n9",0,0,9.637
"579","Temperate","Koelvall","Poaceae","Koeleria vallesiana","300821-02",2023,"C22.2n6",0,0,9.637
"580","Temperate","Koelvall","Poaceae","Koeleria vallesiana","300821-02",2023,"C24.0",0.09,0.09,9.637
"581","Temperate","Planalpi","Plantaginaceae","Plantago alpina","300821-15",2022,"C12.0",0,0,10.529
"582","Temperate","Planalpi","Plantaginaceae","Plantago alpina","300821-15",2022,"C14.0",0.04,0.04,10.529
"583","Temperate","Planalpi","Plantaginaceae","Plantago alpina","300821-15",2022,"C15.0",0.07,0.07,10.529
"584","Temperate","Planalpi","Plantaginaceae","Plantago alpina","300821-15",2022,"C16.0",9.01,8.56,10.529
"585","Temperate","Planalpi","Plantaginaceae","Plantago alpina","300821-15",2022,"C16.1n7",0.08,0.07,10.529
"586","Temperate","Planalpi","Plantaginaceae","Plantago alpina","300821-15",2022,"C17.0",0.07,0.07,10.529
"587","Temperate","Planalpi","Plantaginaceae","Plantago alpina","300821-15",2022,"C18.0",1.74,1.66,10.529
"588","Temperate","Planalpi","Plantaginaceae","Plantago alpina","300821-15",2022,"C18.1n7c",1.03,0.98,10.529
"589","Temperate","Planalpi","Plantaginaceae","Plantago alpina","300821-15",2022,"C18.1n9c",17.96,17.05,10.529
"590","Temperate","Planalpi","Plantaginaceae","Plantago alpina","300821-15",2022,"C18.2n6c",32.04,30.43,10.529
"591","Temperate","Planalpi","Plantaginaceae","Plantago alpina","300821-15",2022,"C18.3n3",42.66,40.51,10.529
"592","Temperate","Planalpi","Plantaginaceae","Plantago alpina","300821-15",2022,"C18.3n6",0,0,10.529
"593","Temperate","Planalpi","Plantaginaceae","Plantago alpina","300821-15",2022,"C18.4n3",0,0,10.529
"594","Temperate","Planalpi","Plantaginaceae","Plantago alpina","300821-15",2022,"C20.0",0.27,0.26,10.529
"595","Temperate","Planalpi","Plantaginaceae","Plantago alpina","300821-15",2022,"C20.1n9",0.15,0.14,10.529
"596","Temperate","Planalpi","Plantaginaceae","Plantago alpina","300821-15",2022,"C20.2n6",0.08,0.07,10.529
"597","Temperate","Planalpi","Plantaginaceae","Plantago alpina","300821-15",2022,"C22.0",0.09,0.09,10.529
"598","Temperate","Planalpi","Plantaginaceae","Plantago alpina","300821-15",2022,"C22.1n9",0,0,10.529
"599","Temperate","Planalpi","Plantaginaceae","Plantago alpina","300821-15",2022,"C22.2n6",0,0,10.529
"600","Temperate","Planalpi","Plantaginaceae","Plantago alpina","300821-15",2022,"C24.0",0,0,10.529
"601","Temperate","Salibrev","Salicaceae","Salix breviserrata","140722-01",2023,"C12.0",0,0,5.687
"602","Temperate","Salibrev","Salicaceae","Salix breviserrata","140722-01",2023,"C14.0",0.15,0.26,5.687
"603","Temperate","Salibrev","Salicaceae","Salix breviserrata","140722-01",2023,"C15.0",0,0,5.687
"604","Temperate","Salibrev","Salicaceae","Salix breviserrata","140722-01",2023,"C16.0",11.73,20.63,5.687
"605","Temperate","Salibrev","Salicaceae","Salix breviserrata","140722-01",2023,"C16.1n7",0.09,0.17,5.687
"606","Temperate","Salibrev","Salicaceae","Salix breviserrata","140722-01",2023,"C17.0",0.08,0.15,5.687
"607","Temperate","Salibrev","Salicaceae","Salix breviserrata","140722-01",2023,"C18.0",2.17,3.81,5.687
"608","Temperate","Salibrev","Salicaceae","Salix breviserrata","140722-01",2023,"C18.1n7c",0.27,0.47,5.687
"609","Temperate","Salibrev","Salicaceae","Salix breviserrata","140722-01",2023,"C18.1n9c",14.06,24.73,5.687
"610","Temperate","Salibrev","Salicaceae","Salix breviserrata","140722-01",2023,"C18.2n6c",22.12,38.9,5.687
"611","Temperate","Salibrev","Salicaceae","Salix breviserrata","140722-01",2023,"C18.3n3",4.74,8.33,5.687
"612","Temperate","Salibrev","Salicaceae","Salix breviserrata","140722-01",2023,"C18.3n6",0,0,5.687
"613","Temperate","Salibrev","Salicaceae","Salix breviserrata","140722-01",2023,"C18.4n3",0,0,5.687
"614","Temperate","Salibrev","Salicaceae","Salix breviserrata","140722-01",2023,"C20.0",0.39,0.68,5.687
"615","Temperate","Salibrev","Salicaceae","Salix breviserrata","140722-01",2023,"C20.1n9",0.29,0.51,5.687
"616","Temperate","Salibrev","Salicaceae","Salix breviserrata","140722-01",2023,"C20.2n6",0,0,5.687
"617","Temperate","Salibrev","Salicaceae","Salix breviserrata","140722-01",2023,"C22.0",0.45,0.79,5.687
"618","Temperate","Salibrev","Salicaceae","Salix breviserrata","140722-01",2023,"C22.1n9",0,0,5.687
"619","Temperate","Salibrev","Salicaceae","Salix breviserrata","140722-01",2023,"C22.2n6",0,0,5.687
"620","Temperate","Salibrev","Salicaceae","Salix breviserrata","140722-01",2023,"C24.0",0.33,0.58,5.687
"621","Temperate","Saxiconi","Saxifragaceae","Saxifraga conifera","120722-01",2023,"C12.0",0.11,0.04,30.123
"622","Temperate","Saxiconi","Saxifragaceae","Saxifraga conifera","120722-01",2023,"C14.0",0.4,0.13,30.123
"623","Temperate","Saxiconi","Saxifragaceae","Saxifraga conifera","120722-01",2023,"C15.0",0,0,30.123
"624","Temperate","Saxiconi","Saxifragaceae","Saxifraga conifera","120722-01",2023,"C16.0",26.89,8.93,30.123
"625","Temperate","Saxiconi","Saxifragaceae","Saxifraga conifera","120722-01",2023,"C16.1n7",0.28,0.09,30.123
"626","Temperate","Saxiconi","Saxifragaceae","Saxifraga conifera","120722-01",2023,"C17.0",0.17,0.06,30.123
"627","Temperate","Saxiconi","Saxifragaceae","Saxifraga conifera","120722-01",2023,"C18.0",1.68,0.56,30.123
"628","Temperate","Saxiconi","Saxifragaceae","Saxifraga conifera","120722-01",2023,"C18.1n7c",1.95,0.65,30.123
"629","Temperate","Saxiconi","Saxifragaceae","Saxifraga conifera","120722-01",2023,"C18.1n9c",27.38,9.09,30.123
"630","Temperate","Saxiconi","Saxifragaceae","Saxifraga conifera","120722-01",2023,"C18.2n6c",95.56,31.72,30.123
"631","Temperate","Saxiconi","Saxifragaceae","Saxifraga conifera","120722-01",2023,"C18.3n3",144.93,48.11,30.123
"632","Temperate","Saxiconi","Saxifragaceae","Saxifraga conifera","120722-01",2023,"C18.3n6",0,0,30.123
"633","Temperate","Saxiconi","Saxifragaceae","Saxifraga conifera","120722-01",2023,"C18.4n3",0,0,30.123
"634","Temperate","Saxiconi","Saxifragaceae","Saxifraga conifera","120722-01",2023,"C20.0",0.1,0.03,30.123
"635","Temperate","Saxiconi","Saxifragaceae","Saxifraga conifera","120722-01",2023,"C20.1n9",1.2,0.4,30.123
"636","Temperate","Saxiconi","Saxifragaceae","Saxifraga conifera","120722-01",2023,"C20.2n6",0.21,0.07,30.123
"637","Temperate","Saxiconi","Saxifragaceae","Saxifraga conifera","120722-01",2023,"C22.0",0.13,0.04,30.123
"638","Temperate","Saxiconi","Saxifragaceae","Saxifraga conifera","120722-01",2023,"C22.1n9",0.09,0.03,30.123
"639","Temperate","Saxiconi","Saxifragaceae","Saxifraga conifera","120722-01",2023,"C22.2n6",0,0,30.123
"640","Temperate","Saxiconi","Saxifragaceae","Saxifraga conifera","120722-01",2023,"C24.0",0.15,0.05,30.123
"641","Temperate","Saxipani","Saxifragaceae","Saxifraga paniculata","310821-14",2023,"C12.0",0.14,0.08,17.18
"642","Temperate","Saxipani","Saxifragaceae","Saxifraga paniculata","310821-14",2023,"C14.0",0.37,0.22,17.18
"643","Temperate","Saxipani","Saxifragaceae","Saxifraga paniculata","310821-14",2023,"C15.0",0,0,17.18
"644","Temperate","Saxipani","Saxifragaceae","Saxifraga paniculata","310821-14",2023,"C16.0",13.29,7.73,17.18
"645","Temperate","Saxipani","Saxifragaceae","Saxifraga paniculata","310821-14",2023,"C16.1n7",0.14,0.08,17.18
"646","Temperate","Saxipani","Saxifragaceae","Saxifraga paniculata","310821-14",2023,"C17.0",0.08,0.05,17.18
"647","Temperate","Saxipani","Saxifragaceae","Saxifraga paniculata","310821-14",2023,"C18.0",1.28,0.75,17.18
"648","Temperate","Saxipani","Saxifragaceae","Saxifraga paniculata","310821-14",2023,"C18.1n7c",0.86,0.5,17.18
"649","Temperate","Saxipani","Saxifragaceae","Saxifraga paniculata","310821-14",2023,"C18.1n9c",18.4,10.71,17.18
"650","Temperate","Saxipani","Saxifragaceae","Saxifraga paniculata","310821-14",2023,"C18.2n6c",53.22,30.97,17.18
"651","Temperate","Saxipani","Saxifragaceae","Saxifraga paniculata","310821-14",2023,"C18.3n3",82.42,47.97,17.18
"652","Temperate","Saxipani","Saxifragaceae","Saxifraga paniculata","310821-14",2023,"C18.3n6",0,0,17.18
"653","Temperate","Saxipani","Saxifragaceae","Saxifraga paniculata","310821-14",2023,"C18.4n3",0,0,17.18
"654","Temperate","Saxipani","Saxifragaceae","Saxifraga paniculata","310821-14",2023,"C20.0",0.1,0.06,17.18
"655","Temperate","Saxipani","Saxifragaceae","Saxifraga paniculata","310821-14",2023,"C20.1n9",1.16,0.67,17.18
"656","Temperate","Saxipani","Saxifragaceae","Saxifraga paniculata","310821-14",2023,"C20.2n6",0.2,0.12,17.18
"657","Temperate","Saxipani","Saxifragaceae","Saxifraga paniculata","310821-14",2023,"C22.0",0.07,0.04,17.18
"658","Temperate","Saxipani","Saxifragaceae","Saxifraga paniculata","310821-14",2023,"C22.1n9",0,0,17.18
"659","Temperate","Saxipani","Saxifragaceae","Saxifraga paniculata","310821-14",2023,"C22.2n6",0,0,17.18
"660","Temperate","Saxipani","Saxifragaceae","Saxifraga paniculata","310821-14",2023,"C24.0",0.07,0.04,17.18
"661","Temperate","Sileacau","Caryophyllaceae","Silene acaulis","140921-03",2023,"C12.0",0,0,3.809
"662","Temperate","Sileacau","Caryophyllaceae","Silene acaulis","140921-03",2023,"C14.0",0,0,3.809
"663","Temperate","Sileacau","Caryophyllaceae","Silene acaulis","140921-03",2023,"C15.0",0,0,3.809
"664","Temperate","Sileacau","Caryophyllaceae","Silene acaulis","140921-03",2023,"C16.0",4.63,12.15,3.809
"665","Temperate","Sileacau","Caryophyllaceae","Silene acaulis","140921-03",2023,"C16.1n7",0.05,0.13,3.809
"666","Temperate","Sileacau","Caryophyllaceae","Silene acaulis","140921-03",2023,"C17.0",0.12,0.32,3.809
"667","Temperate","Sileacau","Caryophyllaceae","Silene acaulis","140921-03",2023,"C18.0",0.52,1.36,3.809
"668","Temperate","Sileacau","Caryophyllaceae","Silene acaulis","140921-03",2023,"C18.1n7c",0.51,1.33,3.809
"669","Temperate","Sileacau","Caryophyllaceae","Silene acaulis","140921-03",2023,"C18.1n9c",7.15,18.78,3.809
"670","Temperate","Sileacau","Caryophyllaceae","Silene acaulis","140921-03",2023,"C18.2n6c",22.33,58.63,3.809
"671","Temperate","Sileacau","Caryophyllaceae","Silene acaulis","140921-03",2023,"C18.3n3",0.64,1.69,3.809
"672","Temperate","Sileacau","Caryophyllaceae","Silene acaulis","140921-03",2023,"C18.3n6",1.31,3.44,3.809
"673","Temperate","Sileacau","Caryophyllaceae","Silene acaulis","140921-03",2023,"C18.4n3",0.13,0.34,3.809
"674","Temperate","Sileacau","Caryophyllaceae","Silene acaulis","140921-03",2023,"C20.0",0.14,0.37,3.809
"675","Temperate","Sileacau","Caryophyllaceae","Silene acaulis","140921-03",2023,"C20.1n9",0.17,0.44,3.809
"676","Temperate","Sileacau","Caryophyllaceae","Silene acaulis","140921-03",2023,"C20.2n6",0.09,0.25,3.809
"677","Temperate","Sileacau","Caryophyllaceae","Silene acaulis","140921-03",2023,"C22.0",0.1,0.25,3.809
"678","Temperate","Sileacau","Caryophyllaceae","Silene acaulis","140921-03",2023,"C22.1n9",0,0,3.809
"679","Temperate","Sileacau","Caryophyllaceae","Silene acaulis","140921-03",2023,"C22.2n6",0,0,3.809
"680","Temperate","Sileacau","Caryophyllaceae","Silene acaulis","140921-03",2023,"C24.0",0.2,0.52,3.809
"681","Temperate","Silecili","Caryophyllaceae","Silene ciliata","300821-11",2023,"C12.0",0,0,3.202
"682","Temperate","Silecili","Caryophyllaceae","Silene ciliata","300821-11",2023,"C14.0",0,0,3.202
"683","Temperate","Silecili","Caryophyllaceae","Silene ciliata","300821-11",2023,"C15.0",0,0,3.202
"684","Temperate","Silecili","Caryophyllaceae","Silene ciliata","300821-11",2023,"C16.0",4.05,12.66,3.202
"685","Temperate","Silecili","Caryophyllaceae","Silene ciliata","300821-11",2023,"C16.1n7",0.04,0.12,3.202
"686","Temperate","Silecili","Caryophyllaceae","Silene ciliata","300821-11",2023,"C17.0",0.04,0.11,3.202
"687","Temperate","Silecili","Caryophyllaceae","Silene ciliata","300821-11",2023,"C18.0",0.43,1.34,3.202
"688","Temperate","Silecili","Caryophyllaceae","Silene ciliata","300821-11",2023,"C18.1n7c",0.31,0.98,3.202
"689","Temperate","Silecili","Caryophyllaceae","Silene ciliata","300821-11",2023,"C18.1n9c",7.96,24.87,3.202
"690","Temperate","Silecili","Caryophyllaceae","Silene ciliata","300821-11",2023,"C18.2n6c",17.07,53.33,3.202
"691","Temperate","Silecili","Caryophyllaceae","Silene ciliata","300821-11",2023,"C18.3n3",0.83,2.59,3.202
"692","Temperate","Silecili","Caryophyllaceae","Silene ciliata","300821-11",2023,"C18.3n6",0.63,1.98,3.202
"693","Temperate","Silecili","Caryophyllaceae","Silene ciliata","300821-11",2023,"C18.4n3",0.08,0.24,3.202
"694","Temperate","Silecili","Caryophyllaceae","Silene ciliata","300821-11",2023,"C20.0",0.19,0.58,3.202
"695","Temperate","Silecili","Caryophyllaceae","Silene ciliata","300821-11",2023,"C20.1n9",0.15,0.45,3.202
"696","Temperate","Silecili","Caryophyllaceae","Silene ciliata","300821-11",2023,"C20.2n6",0.05,0.16,3.202
"697","Temperate","Silecili","Caryophyllaceae","Silene ciliata","300821-11",2023,"C22.0",0.06,0.18,3.202
"698","Temperate","Silecili","Caryophyllaceae","Silene ciliata","300821-11",2023,"C22.1n9",0,0,3.202
"699","Temperate","Silecili","Caryophyllaceae","Silene ciliata","300821-11",2023,"C22.2n6",0,0,3.202
"700","Temperate","Silecili","Caryophyllaceae","Silene ciliata","300821-11",2023,"C24.0",0.13,0.4,3.202
"701","Temperate","Thymprae","Lamiaceae","Thymus praecox","300821-07",2023,"C12.0",0,0,18.307
"702","Temperate","Thymprae","Lamiaceae","Thymus praecox","300821-07",2023,"C14.0",0.07,0.04,18.307
"703","Temperate","Thymprae","Lamiaceae","Thymus praecox","300821-07",2023,"C15.0",0,0,18.307
"704","Temperate","Thymprae","Lamiaceae","Thymus praecox","300821-07",2023,"C16.0",9.17,5.01,18.307
"705","Temperate","Thymprae","Lamiaceae","Thymus praecox","300821-07",2023,"C16.1n7",0.14,0.08,18.307
"706","Temperate","Thymprae","Lamiaceae","Thymus praecox","300821-07",2023,"C17.0",0.12,0.07,18.307
"707","Temperate","Thymprae","Lamiaceae","Thymus praecox","300821-07",2023,"C18.0",4.31,2.35,18.307
"708","Temperate","Thymprae","Lamiaceae","Thymus praecox","300821-07",2023,"C18.1n7c",1.73,0.95,18.307
"709","Temperate","Thymprae","Lamiaceae","Thymus praecox","300821-07",2023,"C18.1n9c",28.55,15.6,18.307
"710","Temperate","Thymprae","Lamiaceae","Thymus praecox","300821-07",2023,"C18.2n6c",28.61,15.63,18.307
"711","Temperate","Thymprae","Lamiaceae","Thymus praecox","300821-07",2023,"C18.3n3",109.13,59.61,18.307
"712","Temperate","Thymprae","Lamiaceae","Thymus praecox","300821-07",2023,"C18.3n6",0,0,18.307
"713","Temperate","Thymprae","Lamiaceae","Thymus praecox","300821-07",2023,"C18.4n3",0,0,18.307
"714","Temperate","Thymprae","Lamiaceae","Thymus praecox","300821-07",2023,"C20.0",0.45,0.24,18.307
"715","Temperate","Thymprae","Lamiaceae","Thymus praecox","300821-07",2023,"C20.1n9",0.51,0.28,18.307
"716","Temperate","Thymprae","Lamiaceae","Thymus praecox","300821-07",2023,"C20.2n6",0,0,18.307
"717","Temperate","Thymprae","Lamiaceae","Thymus praecox","300821-07",2023,"C22.0",0.2,0.11,18.307
"718","Temperate","Thymprae","Lamiaceae","Thymus praecox","300821-07",2023,"C22.1n9",0,0,18.307
"719","Temperate","Thymprae","Lamiaceae","Thymus praecox","300821-07",2023,"C22.2n6",0,0,18.307
"720","Temperate","Thymprae","Lamiaceae","Thymus praecox","300821-07",2023,"C24.0",0.08,0.04,18.307
