ID.JUICE,Taxon_full,Taxon,family,Freq,Alpine,ecology,seed.oil,mean.value,Source
1,Achillea millefolium,Achillea millefolium,Asteraceae,7,Generalist,Generalist,sp.level,27.03,SID
2,Aethionema thomasianum,Aethionema thomasianum,,1,Casual,Generalist,gen.level,18.4,
3,Agrostis canina,Agrostis canina,Poaceae,5,Generalist,Generalist,,,
4,Agrostis capillaris,Agrostis capillaris,Poaceae,29,Generalist,Generalist,,,
5,Agrostis castellana,Agrostis castellana,Poaceae,32,Generalist,Generalist,,,
6,Agrostis curtisii,Agrostis curtisii,Poaceae,1,Casual,Generalist,,,
7,Agrostis rupestris,Agrostis rupestris,Poaceae,27,Specialist.4.3,Specialist,,,
8,Agrostis schleicheri,Agrostis schleicheri,Poaceae,36,Generalist,Generalist,,,
9,Agrostis tileni,Agrostis tileni,Poaceae,73,Specialist.4.3,Specialist,,,
10,Ajuga pyramidalis,Ajuga pyramidalis,Lamiaceae,3,Generalist,Generalist,gen.level,16.8,
11,Alchemilla alpigena,Alchemilla alpigena,Rosaceae,9,Specialist.4.4,Specialist,,,
12,Alchemilla alpina,Alchemilla alpina,Rosaceae,53,Generalist,Generalist,,,
13,Alchemilla catalaunica,Alchemilla catalaunica,Rosaceae,72,Generalist,Generalist,,,
14,Alchemilla fulgida,Alchemilla fulgida,Rosaceae,1,Casual,Generalist,,,
15,Alchemilla glabra,Alchemilla glabra,Rosaceae,1,Casual,Generalist,,,
16,Alchemilla hoppeana,Alchemilla hoppeana,Rosaceae,13,Generalist,Generalist,,,
17,Alchemilla hoppeaniformis,Alchemilla hoppeaniformis,Rosaceae,3,Generalist,Generalist,,,
18,Alchemilla saxatilis,Alchemilla saxatilis,Rosaceae,2,Specialist.4.3,Specialist,,,
19,Alchemilla transiens,Alchemilla transiens,Rosaceae,20,Generalist,Generalist,,,
20,Allium lusitanicum,Allium lusitanicum,Amaryllidaceae,4,Generalist,Generalist,gen.level,15.025,
21,Allium palentinum,Allium palentinum,Amaryllidaceae,1,Casual,Generalist,gen.level,15.025,
22,Allium schoenoprasum,Allium schoenoprasum,Amaryllidaceae,6,Generalist,Generalist,gen.level,15.025,
23,Allium sphaerocephalon,Allium sphaerocephalon,Amaryllidaceae,2,Casual,Generalist,sp.level,8.7,Fadb
24,Alyssum montanum,Alyssum montanum,Brassicaceae,2,Casual,Generalist,sp.level,11,Fadb
25,Amelanchier ovalis,Amelanchier ovalis,Rosaceae,1,Casual,Generalist,sp.level,7.8,SID
26,Androsace cantabrica,Androsace cantabrica,Primulaceae,3,Specialist.4.3,Specialist,gen.level,7.3,
27,Androsace lactea,Androsace lactea,Primulaceae,3,Generalist,Generalist,gen.level,7.3,
28,Androsace villosa,Androsace villosa,Primulaceae,109,Specialist.4.4,Specialist,sp.level,4.883,Own data
29,Androsace vitaliana subsp. flosjugorum,Androsace vitaliana subsp,Primulaceae,1,Casual,Generalist,gen.level,7.3,
30,Anemone pavoniana,Anemone pavoniana,,66,Generalist,Generalist,gen.level,22.815,
31,Angelica pyrenaea,Angelica pyrenaea,,4,Generalist,Generalist,gen.level,10.19,
32,Antennaria dioica,Antennaria dioica,Asteraceae,29,Specialist.4.3,Specialist,,,
33,Anthemis cretica subsp. carpatica,Anthemis cretica,Asteraceae,4,Generalist,Generalist,gen.level,24.89714286,
34,Anthoxanthum odoratum,Anthoxanthum odoratum,,30,Generalist,Generalist,,,
35,Anthyllis vulneraria,Anthyllis vulneraria,Fabaceae,246,Generalist,Generalist,sp.level,6.428,Own data
36,Aquilegia discolor,Aquilegia discolor,Ranunculaceae,2,Casual,Generalist,gen.level,28.25555556,
37,Aquilegia vulgaris,Aquilegia vulgaris,Ranunculaceae,1,Casual,Generalist,sp.level,26.9,SID
38,Arabis alpina,Arabis alpina,Brassicaceae,15,Generalist,Generalist,sp.level,31.9,SID
39,Arabis ciliata,Arabis ciliata,Brassicaceae,8,Generalist,Generalist,gen.level,28.8375,
40,Arabis scabra,Arabis scabra,Brassicaceae,2,Generalist,Generalist,gen.level,28.8375,
41,Arctostaphylos uva-ursi,Arctostaphylos uva-ursi,Ericaceae,4,Generalist,Generalist,sp.level,50,SID
42,Arenaria erinacea,Arenaria erinacea,Caryophyllaceae,27,Generalist,Generalist,sp.level,2.265,Own data
43,Arenaria grandiflora,Arenaria grandiflora,Caryophyllaceae,108,Generalist,Generalist,,,
44,Arenaria leptoclados,Arenaria leptoclados,Caryophyllaceae,1,Casual,Generalist,,,
45,Arenaria moehringioides,Arenaria moehringioides,Caryophyllaceae,58,Specialist.4.4,Specialist,,,
46,Arenaria montana,Arenaria montana,Caryophyllaceae,6,Generalist,Generalist,,,
47,Arenaria purpurascens,Arenaria purpurascens,Caryophyllaceae,164,Specialist.4.4,Specialist,,,
48,Arenaria serpyllifolia,Arenaria serpyllifolia,Caryophyllaceae,6,Generalist,Generalist,,,
49,Armeria alliacea,Armeria alliacea,Plumbaginaceae,1,Generalist,Generalist,gen.level,7,
51,Armeria cantabrica,Armeria cantabrica,Plumbaginaceae,255,Specialist.4.4,Specialist,sp.level,2.959,Own data
52,Armeria ciliata,Armeria ciliata,Plumbaginaceae,3,Generalist,Generalist,gen.level,7,
53,Armeria duriaei,Armeria duriaei,Plumbaginaceae,31,Specialist.4.3,Specialist,sp.level,4.328,Own data
54,Armeria langei,Armeria langei,Plumbaginaceae,4,Generalist,Generalist,gen.level,7,
55,Armeria transmontana,Armeria transmontana,Plumbaginaceae,1,Casual,Generalist,gen.level,7,
56,Arnica montana,Arnica montana,Asteraceae,1,Casual,Generalist,sp.level,0.2,Fadb
57,Arrhenatherum elatius,Arrhenatherum elatius,Poaceae,1,Casual,Generalist,sp.level,7.13,SID
58,Asperula aristata subsp. scabra,Asperula aristata,Rubiaceae,3,Generalist,Generalist,,,
59,Asperula hirta,Asperula hirta,Rubiaceae,2,Casual,Generalist,,,
60,Asphodelus albus,Asphodelus albus,Xanthorrhoaceae,6,Generalist,Generalist,gen.level,20.1,
61,Asplenium trichomanes,Asplenium trichomanes,Aspleniaceae,9,Generalist,Generalist,,,
62,Asplenium viride,Asplenium viride,Aspleniaceae,18,Generalist,Generalist,,,
63,Aster alpinus,Aster alpinus,Asteraceae,26,Generalist,Generalist,sp.level,22.7,SID
64,Astragalus danicus,Astragalus danicus,Fabaceae,2,Generalist,Generalist,gen.level,5.951666667,
65,Astragalus depressus,Astragalus depressus,Fabaceae,11,Generalist,Generalist,gen.level,5.951666667,
66,Astragalus incanus subsp. nummularioides,Astragalus incanus,Fabaceae,1,Casual,Generalist,gen.level,5.951666667,
67,Astragalus monspessulanus,Astragalus monspessulanus,Fabaceae,1,Casual,Generalist,gen.level,5.951666667,
68,Avenella flexuosa subsp. iberica,Avenella flexuosa,Poaceae,253,Generalist,Generalist,,,
69,Bellardiochloa variegata,Bellardiochloa variegata,,9,Specialist.4.3,Specialist,,,
70,Bellis perennis,Bellis perennis,,6,Generalist,Generalist,,,
71,Berberis vulgaris,Berberis vulgaris,Berberidaceae,3,Generalist,Generalist,sp.level,15,SID
72,Biscutella laevigata,Biscutella laevigata,Brassicaceae,36,Generalist,Generalist,gen.level,33.9,
73,Biscutella valentina,Biscutella valentina,Brassicaceae,8,Generalist,Generalist,gen.level,33.9,
74,Bistorta vivipara,Bistorta vivipara,,32,Specialist.4.4,Specialist,,,
75,Botrychium lunaria,Botrychium lunaria,Ophioglossaceae,22,Specialist.4.4,Specialist,,,
76,Brachypodium rupestre,Brachypodium rupestre,,2,Generalist,Generalist,gen.level,2,
77,Briza media,Briza media,Poaceae,1,Casual,Generalist,gen.level,15.1625,
78,Bromus erectus,Bromus erectus,Poaceae,4,Generalist,Generalist,gen.level,1.525,
79,Bupleurum ranunculoides,Bupleurum ranunculoides,Apiaceae,9,Generalist,Generalist,gen.level,10.9,
80,Calluna vulgaris,Calluna vulgaris,Ericaceae,127,Generalist,Generalist,,,
81,Campanula arvatica,Campanula arvatica,Campanulaceae,44,Generalist,Generalist,gen.level,36.7,
82,Campanula cantabrica,Campanula cantabrica,Campanulaceae,1,Casual,Generalist,gen.level,36.7,
83,Campanula glomerata,Campanula glomerata,Campanulaceae,3,Generalist,Generalist,gen.level,36.7,
84,Campanula herminii,Campanula herminii,Campanulaceae,49,Specialist.4.3,Specialist,gen.level,36.7,
85,Campanula rotundifolia,Campanula rotundifolia,Campanulaceae,19,Generalist,Generalist,gen.level,36.7,
86,Campanula scheuchzeri,Campanula scheuchzeri,Campanulaceae,15,Specialist.4.3,Specialist,gen.level,36.7,
87,Cardamine impatiens,Cardamine impatiens,Brassicaceae,14,Generalist,Generalist,sp.level,36,Fadb
88,Carduus carlinoides,Carduus carlinoides,Asteraceae,2,Generalist,Generalist,gen.level,29.13333333,
89,Carduus carpetanus,Carduus carpetanus,Asteraceae,4,Generalist,Generalist,gen.level,29.13333333,
90,Carduus defloratus,Carduus defloratus,Asteraceae,4,Generalist,Generalist,gen.level,29.13333333,
91,Carex asturica,Carex asturica,Cyperaceae,24,Generalist,Generalist,gen.level,6.477777778,
92,Carex brevicollis,Carex brevicollis,Cyperaceae,4,Generalist,Generalist,gen.level,6.477777778,
93,Carex capillaris,Carex capillaris,Cyperaceae,8,Generalist,Generalist,gen.level,6.477777778,
94,Carex caryophyllea,Carex caryophyllea,Cyperaceae,25,Generalist,Generalist,gen.level,6.477777778,
95,Carex depressa subsp. basilaris,Carex depressa,Cyperaceae,1,Casual,Generalist,gen.level,6.477777778,
96,Carex echinata,Carex echinata,Cyperaceae,1,Casual,Generalist,gen.level,6.477777778,
97,Carex foetida,Carex foetida,Cyperaceae,4,Generalist,Generalist,gen.level,6.477777778,
98,Carex furva,Carex furva,Cyperaceae,2,Generalist,Generalist,gen.level,6.477777778,
99,Carex halleriana,Carex halleriana,Cyperaceae,3,Generalist,Generalist,gen.level,6.477777778,
100,Carex humilis,Carex humilis,Cyperaceae,21,Generalist,Generalist,gen.level,6.477777778,
101,Carex lepidocarpa,Carex lepidocarpa,Cyperaceae,3,Generalist,Generalist,gen.level,6.477777778,
102,Carex leporina,Carex leporina,Cyperaceae,3,Generalist,Generalist,gen.level,6.477777778,
103,Carex macrostyla,Carex macrostyla,Cyperaceae,20,Generalist,Generalist,gen.level,6.477777778,
104,Carex nigra,Carex nigra,Cyperaceae,8,Generalist,Generalist,gen.level,6.477777778,
105,Carex ornithopoda,Carex ornithopoda,Cyperaceae,33,Generalist,Generalist,gen.level,6.477777778,
106,Carex panicea,Carex panicea,Cyperaceae,1,Casual,Generalist,gen.level,6.477777778,
107,Carex parviflora,Carex parviflora,Cyperaceae,19,Specialist.4.4,Specialist,gen.level,6.477777778,
108,Carex pilulifera,Carex pilulifera,Cyperaceae,8,Generalist,Generalist,gen.level,6.477777778,
109,Carex pulicaris,Carex pulicaris,Cyperaceae,1,Generalist,Generalist,gen.level,6.477777778,
110,Carex pyrenaica,Carex pyrenaica,Cyperaceae,4,Generalist,Generalist,gen.level,6.477777778,
111,Carex rupestris,Carex rupestris,Cyperaceae,3,Generalist,Generalist,gen.level,6.477777778,
112,Carex sempervirens,Carex sempervirens,Cyperaceae,217,Specialist.4.4,Specialist,sp.level,15.004,Own data
113,Carthamus mitissimus,Carthamus mitissimus,,2,Casual,Generalist,gen.level,20.49571429,
114,Carum verticillatum,Carum verticillatum,,1,Casual,Generalist,gen.level,14.8,
115,Centaurea janeri subsp. babiana,Centaurea janeri,,3,Generalist,Generalist,gen.level,19.01631579,
116,Cerastium arvense,Cerastium arvense,Caryophyllaceae,19,Generalist,Generalist,gen.level,4.483333333,
117,Cerastium cerastoides,Cerastium cerastoides,Caryophyllaceae,1,Casual,Generalist,gen.level,4.483333333,
118,Cerastium fontanum,Cerastium fontanum,Caryophyllaceae,4,Generalist,Generalist,gen.level,4.483333333,
119,Cerastium gracile,Cerastium gracile,Caryophyllaceae,4,Generalist,Generalist,gen.level,4.483333333,
120,Cerastium pumilum subsp. pumilum,Cerastium pumilum,Caryophyllaceae,2,Casual,Generalist,gen.level,4.483333333,
,Cerastium ramosissimum,Cerastium ramosissimum,Caryophyllaceae,0,Generalist,Generalist,gen.level,4.483333333,
121,Chaenorhinum origanifolium subsp. origanifolium,Chaenorhinum origanifolium,Plantaginaceae,18,Generalist,Generalist,,,
122,Clinopodium alpinum subsp. pyrenaeum,Clinopodium alpinum,Lamiaceae,10,Generalist,Generalist,gen.level,18.86666667,
123,Clinopodium vulgare,Clinopodium vulgare,Lamiaceae,1,Casual,Generalist,sp.level,21.6,Fadb
124,Coincya monensis,Coincya monensis,Brassicaceae,1,Casual,Generalist,sp.level,21.9,
125,Colchicum montanum,Colchicum montanum,,19,Generalist,Generalist,gen.level,1.1,
126,Conopodium arvense,Conopodium arvense,Apiaceae,5,Generalist,Generalist,,,
127,Conopodium bourgei,Conopodium bourgei,Apiaceae,3,Generalist,Generalist,,,
128,Conopodium majus,Conopodium majus,Apiaceae,27,Generalist,Generalist,sp.level,3.482,Own data
129,Conopodium pyrenaeum,Conopodium pyrenaeum,Apiaceae,7,Generalist,Generalist,,,
130,Coronilla minima,Coronilla minima,,1,Casual,Generalist,gen.level,6,
131,Corrigiola telephiifolia,Corrigiola telephiifolia,,3,Generalist,Generalist,,,
132,Corydalis cava,Corydalis cava,Papaveraceae,2,Casual,Generalist,sp.level,22.6,Fadb
133,Crepis albida subsp. asturica,Crepis albida,Asteraceae,30,Generalist,Generalist,gen.level,20.7,
134,Crepis capillaris,Crepis capillaris,Asteraceae,1,Casual,Generalist,gen.level,20.7,
135,Crepis pygmaea,Crepis pygmaea,Asteraceae,1,Casual,Generalist,gen.level,20.7,
136,Crocus carpetanus,Crocus carpetanus,,2,Generalist,Generalist,,,
137,Cruciata glabra,Cruciata glabra,Rubiaceae,10,Generalist,Generalist,gen.level,9.3,
138,Cruciata laevipes,Cruciata laevipes,Rubiaceae,1,Casual,Generalist,gen.level,9.3,
139,Cryptogramma crispa,Cryptogramma crispa,Pteridaceae,13,Specialist.4.3,Specialist,,,
140,Cystopteris fragilis subsp. fragilis,Cystopteris fragilis,Cystopteridaceae ,22,Generalist,Generalist,,,
141,Cytisus oromediterraneus,Cytisus oromediterraneus,Fabaceae,20,Generalist,Generalist,gen.level,7.15,
142,Daboecia cantabrica,Daboecia cantabrica,,6,Generalist,Generalist,,,
143,Dactylorhiza fuchsii,Dactylorhiza fuchsii,Poaceae,1,Casual,Generalist,,,
144,Danthonia decumbens,Danthonia decumbens,,1,Casual,Generalist,,,
145,Daphne laureola,Daphne laureola,Thymelaeaceae,24,Generalist,Generalist,gen.level,41.8,
146,Deschampsia cespitosa,Deschampsia cespitosa,Poaceae,2,Casual,Generalist,,,
147,Dethawia splendens subsp. cantabrica,Dethawia splendens,Apiaceae,104,Specialist.4.4,Specialist,,,
148,Dianthus deltoides,Dianthus deltoides,Caryophyllaceae,1,Casual,Generalist,gen.level,11.8,
149,Dianthus hyssopifolius,Dianthus hyssopifolius,Caryophyllaceae,3,Generalist,Generalist,gen.level,11.8,
150,Dianthus langeanus,Dianthus langeanus,Caryophyllaceae,141,Specialist.4.3,Specialist,sp.level,4.362,Own data
151,Dianthus legionensis,Dianthus legionensis,Caryophyllaceae,1,Casual,Generalist,gen.level,11.8,
152,Dianthus pungens subsp. brachyanthus,Dianthus pungens,Caryophyllaceae,13,Generalist,Generalist,gen.level,11.8,
153,Digitalis parviflora,Digitalis parviflora,Plantaginaceae,4,Generalist,Generalist,gen.level,35.05714286,
154,Digitalis purpurea,Digitalis purpurea,Plantaginaceae,4,Generalist,Generalist,sp.level,37.4,SID
155,Doronicum grandiflorum,Doronicum grandiflorum,Asteraceae,1,Casual,Generalist,gen.level,38.2,
156,Draba cantabriae,Draba cantabriae,,32,Specialist.4.4,Specialist,gen.level,21.55555556,
157,Draba dedeana,Draba dedeana,,47,Generalist,Generalist,gen.level,21.55555556,
158,Draba hispanica subsp. lebrunii,Draba hispanica,,16,Generalist,Generalist,gen.level,21.55555556,
159,Echium vulgare subsp. vulgare,Echium vulgare,Boraginaceae,1,Casual,Generalist,sp.level,22,Fadb
160,Endressia pyrenaica,Endressia pyrenaica,Apiaceae,2,Generalist,Generalist,,,
161,Epilobium anagallidifolium,Epilobium anagallidifolium,Onagraceae,1,Specialist.4.4,Specialist,gen.level,26.44285714,
162,Epilobium angustifolium,Epilobium angustifolium,Onagraceae,3,Generalist,Generalist,gen.level,26.44285714,
163,Epilobium obscurum,Epilobium obscurum,Onagraceae,1,Casual,Generalist,sp.level,24.5,Fadb
164,Erica arborea,Erica arborea,Ericaceae,2,Casual,Generalist,,,
165,Erica australis,Erica australis,Ericaceae,5,Generalist,Generalist,,,
166,Erica tetralix,Erica tetralix,Ericaceae,13,Generalist,Generalist,,,
167,Erigeron alpinus,Erigeron alpinus,Asteraceae,33,Specialist.4.4,Specialist,gen.level,21.8,
168,Erinus alpinus,Erinus alpinus,Plantaginaceae,6,Generalist,Generalist,,,
169,Erodium carvifolium,Erodium carvifolium,geraniaceae,3,Generalist,Generalist,gen.level,13.9625,
170,Erodium daucoides,Erodium daucoides,geraniaceae,4,Generalist,Generalist,gen.level,13.9625,
171,Erodium glandulosum,Erodium glandulosum,geraniaceae,7,Generalist,Generalist,gen.level,13.9625,
172,Erucastrum nasturtiifolium,Erucastrum nasturtiifolium,Brassicaceae,1,Casual,Generalist,sp.level,25.9,Fadb
173,Eryngium bourgatii,Eryngium bourgatii,Apiaceae,21,Generalist,Generalist,gen.level,21.625,
174,Eryngium duriaei,Eryngium duriaei,Apiaceae,2,Casual,Generalist,gen.level,21.625,
175,Erysimum duriaei,Erysimum duriaei,,5,Generalist,Generalist,gen.level,29.35,
176,Erythronium dens-canis,Erythronium dens-canis,Liliaceae,5,Generalist,Generalist,,,
177,Euphorbia angulata,Euphorbia angulata,Euphorbiaceae,1,Casual,Generalist,gen.level,32.98673684,
178,Euphorbia characias,Euphorbia characias,Euphorbiaceae,32,Generalist,Generalist,sp.level,38.4,Fadb
179,Euphorbia flavicoma subsp. occidentalis,Euphorbia flavicoma,Euphorbiaceae,1,Casual,Generalist,gen.level,32.98673684,
180,Euphorbia polygalifolia,Euphorbia polygalifolia,Euphorbiaceae,8,Generalist,Generalist,gen.level,32.98673684,
181,Euphorbia pyrenaica,Euphorbia pyrenaica,Euphorbiaceae,54,Specialist.4.4,Specialist,gen.level,32.98673684,
182,Euphrasia hirtella,Euphrasia hirtella,Orobanchaceae,9,Generalist,Generalist,,,
183,Euphrasia minima,Euphrasia minima,Orobanchaceae,17,Generalist,Generalist,,,
184,Euphrasia salisburgensis,Euphrasia salisburgensis,Orobanchaceae,124,Specialist.4.4,Specialist,,,
185,Festuca burnatii,Festuca burnatii,Poaceae,125,Specialist.4.4,Specialist,gen.level,1.492857143,
187,Festuca durandoi,Festuca durandoi,Poaceae,20,Generalist,Generalist,gen.level,1.492857143,
188,Festuca eskia,Festuca eskia,Poaceae,138,Specialist.4.3,Specialist,gen.level,1.492857143,
189,Festuca gautieri,Festuca gautieri,Poaceae,17,Generalist,Generalist,gen.level,1.492857143,
190,Festuca glacialis,Festuca glacialis,Poaceae,83,Specialist.4.4,Specialist,sp.level,1.363,SID
191,Festuca heteromalla,Festuca heteromalla,Poaceae,63,Generalist,Generalist,gen.level,1.492857143,
192,Festuca hystrix,Festuca hystrix,Poaceae,94,Generalist,Generalist,gen.level,1.492857143,
193,Festuca iberica,Festuca iberica,Poaceae,60,Generalist,Generalist,gen.level,1.492857143,
195,Festuca nigrescens,Festuca nigrescens,Poaceae,75,Generalist,Generalist,gen.level,1.492857143,
196,Festuca picoeuropeana,Festuca picoeuropeana,Poaceae,18,Specialist.4.4,Specialist,gen.level,1.492857143,
197,Festuca rivas-martinezii,Festuca rivas-martinezii,Poaceae,15,Generalist,Generalist,gen.level,1.492857143,
198,Festuca rivularis,Festuca rivularis,Poaceae,2,Casual,Generalist,gen.level,1.492857143,
,Festuca rubra agg,Festuca rubra agg,Poaceae,0,Generalist,Generalist,gen.level,1.492857143,
201,Festuca summilusitana,Festuca summilusitana,Poaceae,185,Specialist.4.3,Specialist,sp.level,1.48,SID
203,Filipendula vulgaris,Filipendula vulgaris,,1,Casual,Generalist,gen.level,3.9,
204,Fritillaria pyrenaica,Fritillaria pyrenaica,,1,Casual,Generalist,,,
205,Galium aparine,Galium aparine,Rubiaceae,1,Casual,Generalist,sp.level,3.1,SID
206,Galium estebanii,Galium estebanii,Rubiaceae,1,Casual,Generalist,gen.level,8.3625,
207,Galium mollugo,Galium mollugo,Rubiaceae,2,Casual,Generalist,gen.level,8.3625,
208,Galium pumilum,Galium pumilum,Rubiaceae,70,Generalist,Generalist,gen.level,8.3625,
209,Galium pyrenaicum,Galium pyrenaicum,Rubiaceae,99,Specialist.4.4,Specialist,gen.level,8.3625,
210,Galium saxatile,Galium saxatile,Rubiaceae,88,Generalist,Generalist,gen.level,8.3625,
211,Galium verum,Galium verum,Rubiaceae,7,Generalist,Generalist,gen.level,8.3625,
212,Genista anglica,Genista anglica,Gentianaceae,11,Generalist,Generalist,gen.level,8.154545455,
213,Genista carpetana,Genista carpetana,Gentianaceae,8,Generalist,Generalist,gen.level,8.154545455,
214,Genista hispanica subsp. occidentalis,Genista hispanica,Gentianaceae,1,Casual,Generalist,gen.level,8.154545455,
215,Genista legionensis,Genista legionensis,Gentianaceae,9,Generalist,Generalist,gen.level,8.154545455,
216,Genista obtusiramea,Genista obtusiramea,Gentianaceae,6,Generalist,Generalist,gen.level,8.154545455,
217,Genista sagittalis,Genista sagittalis,Gentianaceae,3,Generalist,Generalist,gen.level,8.154545455,
218,Genista sanabrensis,Genista sanabrensis,Gentianaceae,28,Specialist.4.3,Specialist,gen.level,8.154545455,
219,Genista tridentata subsp. cantabrica,Genista tridentata,Gentianaceae,22,Generalist,Generalist,gen.level,8.154545455,
220,Gentiana lutea subsp. lutea,Gentiana lutea,Gentianaceae,50,Specialist.4.3,Specialist,gen.level,17.975,
221,Gentiana nivalis,Gentiana nivalis,Gentianaceae,8,Specialist.4.4,Specialist,gen.level,17.975,
222,Gentiana occidentalis,Gentiana occidentalis,Gentianaceae,19,Generalist,Generalist,gen.level,17.975,
223,Gentiana pneumonanthe,Gentiana pneumonanthe,Gentianaceae,13,Generalist,Generalist,gen.level,17.975,
224,Gentiana verna,Gentiana verna,Gentianaceae,96,Specialist.4.4,Specialist,gen.level,17.975,
225,Gentianella campestris,Gentianella campestris,Gentianaceae,55,Specialist.4.4,Specialist,,,
226,Gentianella ciliata,Gentianella ciliata,Gentianaceae,2,Casual,Generalist,,,
227,Geranium subargenteum,Geranium subargenteum,geraniaceae,7,Generalist,Generalist,gen.level,18.5,
228,Geum pyrenaicum,Geum pyrenaicum,Rosaceae,1,Casual,Generalist,gen.level,18.5,
229,Geum rivale,Geum rivale,,1,Casual,Generalist,gen.level,18.5,
230,Glandora diffusa,Glandora diffusa,,2,Casual,Generalist,,,
231,Globularia nudicaulis,Globularia nudicaulis,,11,Generalist,Generalist,gen.level,37.1,
232,Globularia repens,Globularia repens,Plantaginaceae,94,Specialist.4.4,Specialist,gen.level,37.1,
233,Gnaphalium hoppeanum,Gnaphalium hoppeanum,Asteraceae,31,Specialist.4.4,Specialist,,,
234,Gnaphalium supinum,Gnaphalium supinum,Asteraceae,2,Generalist,Generalist,,,
235,Gnaphalium sylvaticum,Gnaphalium sylvaticum,Asteraceae,2,Specialist.4.3,Specialist,,,
236,Gymnadenia conopsea,Gymnadenia conopsea,Orchidaceae,1,Casual,Generalist,,,
237,Gypsophila repens,Gypsophila repens,Caryophyllaceae,56,Specialist.4.4,Specialist,sp.level,3.587,Own data
238,Helianthemum apenninum subsp. cantabricum,Helianthemum apenninum,Cistaceae,70,Generalist,Generalist,gen.level,6.233333333,
240,Helianthemum canum,Helianthemum canum,Cistaceae,185,Generalist,Generalist,sp.level,5.21,Own data
241,Helianthemum nummularium,Helianthemum nummularium,Cistaceae,3,Generalist,Generalist,sp.level,4.8,SID
239,Helianthemum apenninum subsp. urrielense,Helianthemum urrielense,Cistaceae,101,Specialist.4.4,Specialist,sp.level,3.449,Own data
242,Helictochloa marginata,Helictochloa marginata,Poaceae,92,Generalist,Generalist,sp.level,9.171,Own data
243,Helictochloa pratensis,Helictochloa pratensis,Poaceae,23,Generalist,Generalist,,,
244,Helictotrichon cantabricum,Helictotrichon cantabricum,Poaceae,1,Casual,Generalist,,,
245,Helictotrichon sedenense,Helictotrichon sedenense,Poaceae,177,Specialist.4.4,Specialist,,,
246,Herniaria glabra,Herniaria glabra,Caryophyllaceae,10,Generalist,Generalist,sp.level,8.6,Fadb
247,Herniaria hirsuta,Herniaria hirsuta,Caryophyllaceae,1,Casual,Generalist,gen.level,5.65,
248,Hieracium amplexicaule,Hieracium amplexicaule,Asteraceae,3,Generalist,Generalist,,,
249,Hieracium bombycinum,Hieracium bombycinum,Asteraceae,46,Generalist,Generalist,,,
250,Hieracium lainzii,Hieracium lainzii,Asteraceae,1,Casual,Generalist,,,
251,Hieracium loscosianum,Hieracium loscosianum,Asteraceae,11,Generalist,Generalist,,,
252,Hieracium mixtum,Hieracium mixtum,Asteraceae,15,Generalist,Generalist,,,
253,Hieracium pallidum,Hieracium pallidum,Asteraceae,12,Generalist,Generalist,,,
254,Hieracium piloselloides,Hieracium piloselloides,Asteraceae,4,Generalist,Generalist,,,
255,Hieracium schmidtii,Hieracium schmidtii,Asteraceae,1,Casual,Generalist,,,
256,Hippocrepis comosa,Hippocrepis comosa,Fabaceae,18,Generalist,Generalist,gen.level,3.6,
257,Homogyne alpina,Homogyne alpina,Asteraceae,1,Casual,Generalist,,,
258,Horminum pyrenaicum,Horminum pyrenaicum,Lamiaceae,13,Generalist,Generalist,,,
259,Hornungia alpina,Hornungia alpina,Brassicaceae,75,Generalist,Generalist,gen.level,24.7,
260,Hornungia petraea,Hornungia petraea,Brassicaceae,1,Casual,Generalist,sp.level,24.7,Fadb
261,Hypericum nummularium,Hypericum nummularium,Hypericaceae,1,Casual,Generalist,gen.level,30.53125,
262,Hypericum richeri subsp. burseri,Hypericum richeri,Hypericaceae,56,Specialist.4.3,Specialist,gen.level,30.53125,
263,Hypochaeris radicata,Hypochaeris radicata,,15,Generalist,Generalist,gen.level,24.7,
264,Iberis carnosa,Iberis carnosa,Brassicaceae,29,Specialist.4.4,Specialist,gen.level,22.28888889,
265,Iris latifolia,Iris latifolia,Iridaceae,3,Generalist,Generalist,gen.level,11.92142857,
266,Jacobaea adonidifolia,Jacobaea adonidifolia,Asteraceae,4,Generalist,Generalist,,,
267,Jacobaea boissieri,Jacobaea boissieri,Asteraceae,14,Specialist.4.4,Specialist,,,
268,Jasione cavanillesii,Jasione cavanillesii,Campanulaceae,60,Specialist.4.4,Specialist,,,
269,Jasione crispa,Jasione crispa,Campanulaceae,103,Specialist.4.3,Specialist,,,
270,Jasione laevis,Jasione laevis,Campanulaceae,166,Specialist.4.3,Specialist,,,
271,Jasione montana,Jasione montana,Campanulaceae,13,Generalist,Generalist,,,
272,Jasione sessiliflora,Jasione sessiliflora,Campanulaceae,1,Casual,Generalist,,,
273,Juncus conglomeratus,Juncus conglomeratus,Juncaceae,1,Casual,Generalist,gen.level,5.05,
274,Juncus squarrosus,Juncus squarrosus,Juncaceae,38,Generalist,Generalist,gen.level,5.05,
275,Juncus trifidus,Juncus trifidus,Juncaceae,65,Specialist.4.3,Specialist,gen.level,5.05,
276,Juniperus communis subsp. nana,Juniperus communis,Cupressaceae,72,Generalist,Generalist,sp.level,25.16666667,SID – Fadb
277,Juniperus sabina,Juniperus sabina,Cupressaceae,9,Generalist,Generalist,gen.level,8.053846154,
278,Jurinea humilis,Jurinea humilis,Asteraceae,71,Specialist.4.4,Specialist,sp.level,8.253,Own data
279,Kernera saxatilis,Kernera saxatilis,Brassicaceae,1,Casual,Generalist,sp.level,28.3,Fadb
280,Klasea nudicaulis,Klasea nudicaulis,Asteraceae,7,Generalist,Generalist,,,
281,Knautia legionensis,Knautia legionensis,,1,Casual,Generalist,gen.level,21.16,
282,Kobresia myosuroides,Kobresia myosuroides,Cyperaceae,53,Specialist.4.4,Specialist,sp.level,6.124,Own data
283,Koeleria crassipes,Koeleria crassipes,Poaceae,6,Generalist,Generalist,gen.level,5.6,
284,Koeleria vallesiana,Koeleria vallesiana,Poaceae,184,Generalist,Generalist,sp.level,9.637,Own data
285,Lathyrus linifolius,Lathyrus linifolius,,2,Casual,Generalist,gen.level,2.7165625,
286,Lathyrus pratensis,Lathyrus pratensis,,2,Casual,Generalist,gen.level,2.7165625,
287,Leontodon autumnalis,Leontodon autumnalis,Asteraceae,6,Generalist,Generalist,,,
288,Leontodon crispus,Leontodon crispus,Asteraceae,3,Generalist,Generalist,,,
289,Leontodon hispidus,Leontodon hispidus,Asteraceae,2,Casual,Generalist,,,
290,Leontodon saxatilis subsp. saxatilis,Leontodon saxatilis,Asteraceae,7,Generalist,Generalist,,,
291,Leucanthemopsis cuneata subsp. valdes-bermejoi,Leucanthemopsis cuneata,Asteraceae,4,Generalist,Generalist,,,
292,Leucanthemopsis flaveola,Leucanthemopsis flaveola,Asteraceae,2,Casual,Generalist,,,
293,Leucanthemum gaudinii subsp. cantabricum,Leucanthemum gaudinii,Asteraceae,3,Generalist,Generalist,,,
294,Leucanthemum vulgare,Leucanthemum vulgare,Asteraceae,11,Generalist,Generalist,,,
295,Linaria filicaulis,Linaria filicaulis,Plantaginaceae,4,Generalist,Generalist,gen.level,39.18181818,
296,Linaria saxatilis,Linaria saxatilis,Plantaginaceae,6,Generalist,Generalist,gen.level,39.18181818,
297,Linaria supina,Linaria supina,Plantaginaceae,30,Generalist,Generalist,gen.level,39.18181818,
298,Linum appressum,Linum appressum,,3,Generalist,Generalist,gen.level,31.39266667,
299,Linum bienne,Linum bienne,Linaceae,1,Casual,Generalist,sp.level,29.9,SID
300,Linum catharticum,Linum catharticum,Linaceae,20,Generalist,Generalist,gen.level,31.39266667,
301,Linum narbonense subsp. barrasii,Linum narbonense,Linaceae,2,Casual,Generalist,sp.level,34.6,Fadb
302,Lotus corniculatus,Lotus corniculatus,Fabaceae,125,Generalist,Generalist,sp.level,6.53,SID
303,Lotus tenuis,Lotus tenuis,Fabaceae,1,Casual,Generalist,sp.level,7,SID
304,Luzula caespitosa,Luzula caespitosa,Juncaceae,218,Specialist.4.3,Specialist,sp.level,3.372,Own data
305,Luzula campestris,Luzula campestris,Juncaceae,2,Casual,Generalist,,,
306,Luzula lactea,Luzula lactea,Juncaceae,3,Generalist,Generalist,,,
307,Luzula multiflora,Luzula multiflora,Juncaceae,9,Generalist,Generalist,,,
308,Luzula pediformis,Luzula pediformis,Juncaceae,114,Specialist.4.4,Specialist,,,
309,Luzula spicata,Luzula spicata,Juncaceae,34,Specialist.4.3,Specialist,,,
310,Malva moschata,Malva moschata,,3,Generalist,Generalist,gen.level,15.145,
311,Matthiola perennis,Matthiola perennis,,60,Generalist,Generalist,gen.level,28.05454545,
312,Medicago lupulina,Medicago lupulina,Fabaceae,1,Casual,Generalist,sp.level,5.45,SID
313,Meum athamanticum,Meum athamanticum,Apiaceae,65,Specialist.4.3,Specialist,sp.level,18.5,Fadb
315,Minuartia recurva,Minuartia recurva,Caryophyllaceae,35,Specialist.4.3,Specialist,sp.level,3.289,Own data
316,Minuartia rostrata,Minuartia rostrata,Caryophyllaceae,6,Generalist,Generalist,,,
317,Minuartia rubra,Minuartia rubra,Caryophyllaceae,1,Casual,Generalist,,,
318,Minuartia verna,Minuartia verna,Caryophyllaceae,170,Specialist.4.4,Specialist,,,
319,Minuartia villarii,Minuartia villarii,Caryophyllaceae,15,Generalist,Generalist,,,
320,Molineriella laevis,Molineriella laevis,,1,Casual,Generalist,,,
321,Murbeckiella boryi,Murbeckiella boryi,,10,Specialist.4.3,Specialist,,,
322,Myosotis alpestris,Myosotis alpestris,Boraginaceae,25,Specialist.4.4,Specialist,sp.level,29.5,Fadb
323,Myosotis sylvatica,Myosotis sylvatica,Boraginaceae,1,Casual,Generalist,sp.level,36.76666667,Fadb
324,Narcissus asturiensis,Narcissus asturiensis,Amaryllidaceae,6,Generalist,Generalist,,,
325,Narcissus bulbocodium,Narcissus bulbocodium,Amaryllidaceae,2,Casual,Generalist,sp.level,27.7,Fadb
326,Narcissus pseudonarcissus,Narcissus pseudonarcissus,Amaryllidaceae,3,Generalist,Generalist,,,
327,Nardus stricta,Nardus stricta,Poaceae,169,Generalist,Generalist,,,
328,Neoschischkinia truncatula subsp. durieui,Neoschischkinia truncatula,Poaceae,121,Generalist,Generalist,sp.level,3.265,Own data
329,Noccaea caerulescens,Noccaea caerulescens,,2,Casual,Generalist,,,
330,Oreochloa confusa,Oreochloa confusa,Poaceae,31,Generalist,Generalist,,,
331,Oreochloa disticha subsp. blanka,Oreochloa disticha,Poaceae,28,Specialist.4.3,Specialist,,,
332,Oreochloa seslerioides,Oreochloa seslerioides,Poaceae,6,Generalist,Generalist,,,
333,Ornithogalum concinnum,Ornithogalum concinnum,,2,Casual,Generalist,gen.level,6.3,
334,Oxytropis foucaudii,Oxytropis foucaudii,Fabaceae,6,Specialist.4.4,Specialist,gen.level,5.218181818,
335,Oxytropis halleri,Oxytropis halleri,Fabaceae,15,Specialist.4.4,Specialist,gen.level,5.218181818,
336,Oxytropis neglecta,Oxytropis neglecta,Fabaceae,36,Specialist.4.4,Specialist,gen.level,5.218181818,
337,Paronychia kapela subsp. serpyllifolia,Paronychia kapela,Caryophyllaceae,27,Generalist,Generalist,gen.level,9.5,
338,Paronychia polygonifolia,Paronychia polygonifolia,Caryophyllaceae,11,Specialist.4.3,Specialist,gen.level,9.5,
339,Pedicularis comosa,Pedicularis comosa,Orobanchaceae,1,Casual,Generalist,gen.level,19.6,
340,Pedicularis pyrenaica,Pedicularis pyrenaica,Orobanchaceae,59,Specialist.4.4,Specialist,gen.level,19.6,
341,Pedicularis schizocalyx,Pedicularis schizocalyx,Orobanchaceae,8,Generalist,Generalist,gen.level,19.6,
342,Pedicularis sylvatica,Pedicularis sylvatica,Orobanchaceae,9,Generalist,Generalist,gen.level,19.6,
343,Pedicularis verticillata,Pedicularis verticillata,Orobanchaceae,3,Generalist,Generalist,gen.level,19.6,
344,Petrocoptis pyrenaica subsp. glaucifolia,Petrocoptis pyrenaica,Caryophyllaceae,6,Generalist,Generalist,,,
345,Petrosedum forsterianum,Petrosedum forsterianum,,5,Generalist,Generalist,,,
346,Petrosedum sediforme,Petrosedum sediforme,,2,Casual,Generalist,,,
347,Phalacrocarpum oppositifolium subsp. anomalum,Phalacrocarpum oppositifolium,Asteraceae,95,Generalist,Generalist,,,
348,Phleum alpinum,Phleum alpinum,Poaceae,28,Specialist.4.3,Specialist,gen.level,4.6,
349,Phleum pratense,Phleum pratense,Poaceae,1,Casual,Generalist,sp.level,4.2,SID – Fadb
350,Physospermum cornubiense,Physospermum cornubiense,,1,Casual,Generalist,,,
351,Phyteuma hemisphaericum,Phyteuma hemisphaericum,Campanulaceae,60,Specialist.4.3,Specialist,sp.level,19.685,Own data
352,Phyteuma orbiculare,Phyteuma orbiculare,Campanulaceae,24,Generalist,Generalist,,,
353,Phyteuma spicatum,Phyteuma spicatum,Campanulaceae,2,Casual,Generalist,,,
354,Pilosella castellana,Pilosella castellana,Asteraceae,10,Generalist,Generalist,,,
355,Pilosella galiciana,Pilosella galiciana,Asteraceae,1,Casual,Generalist,,,
356,Pilosella hypeurya,Pilosella hypeurya,Asteraceae,5,Generalist,Generalist,,,
357,Pilosella lactucella,Pilosella lactucella,Asteraceae,6,Generalist,Generalist,,,
358,Pilosella officinarum,Pilosella officinarum,Asteraceae,54,Generalist,Generalist,,,
359,Pilosella pilosellina,Pilosella pilosellina,Asteraceae,3,Generalist,Generalist,,,
360,Pilosella saussureoides,Pilosella saussureoides,Asteraceae,1,Casual,Generalist,,,
361,Pilosella subtardans,Pilosella subtardans,Asteraceae,1,Casual,Generalist,,,
362,Pilosella tardans,Pilosella tardans,Asteraceae,5,Generalist,Generalist,,,
363,Pimpinella saxifraga,Pimpinella saxifraga,Apiaceae,1,Casual,Generalist,sp.level,29,Fadb
364,Pimpinella siifolia,Pimpinella siifolia,Apiaceae,6,Generalist,Generalist,gen.level,22.06923077,
365,Pimpinella tragium subsp. lithophila,Pimpinella tragium,Apiaceae,19,Generalist,Generalist,gen.level,22.06923077,
366,Pinguicula grandiflora,Pinguicula grandiflora,Lentibulariaceae,7,Generalist,Generalist,,,
367,Plantago alpina,Plantago alpina,Plantaginaceae,228,Specialist.4.4,Specialist,sp.level,10.529,Own data
368,Plantago atrata,Plantago atrata,Plantaginaceae,1,Casual,Generalist,gen.level,8.784878049,
369,Plantago holosteum,Plantago holosteum,Plantaginaceae,1,Casual,Generalist,sp.level,8.591,Own data
370,Plantago lanceolata,Plantago lanceolata,Plantaginaceae,4,Generalist,Generalist,sp.level,6.73,SID
371,Plantago media,Plantago media,Plantaginaceae,7,Generalist,Generalist,sp.level,9.7,Fadb
372,Poa alpina,Poa alpina,Poaceae,154,Specialist.4.4,Specialist,gen.level,4.1,
373,Poa cenisia,Poa cenisia,Poaceae,5,Generalist,Generalist,gen.level,4.1,
374,Poa chaixii,Poa chaixii,Poaceae,2,Casual,Generalist,gen.level,4.1,
375,Poa legionensis,Poa legionensis,Poaceae,19,Specialist.4.3,Specialist,gen.level,4.1,
376,Poa ligulata,Poa ligulata,Poaceae,7,Generalist,Generalist,gen.level,4.1,
377,Poa minor,Poa minor,Poaceae,12,Specialist.4.4,Specialist,gen.level,4.1,
378,Poa molinierii,Poa molinierii,Poaceae,6,Generalist,Generalist,gen.level,4.1,
379,Poa nemoralis,Poa nemoralis,Poaceae,3,Generalist,Generalist,sp.level,1.2,SID
380,Poa perconcinna,Poa perconcinna,Poaceae,16,Generalist,Generalist,gen.level,4.1,
381,Poa pratensis,Poa pratensis,Poaceae,2,Casual,Generalist,sp.level,5.75,SID – Fadb
382,Polygala edmundi,Polygala edmundi,Polygonaceae,21,Specialist.4.3,Specialist,gen.level,19.75,
383,Polygala serpyllifolia,Polygala serpyllifolia,Polygonaceae,8,Generalist,Generalist,gen.level,19.75,
384,Polygala vulgaris,Polygala vulgaris,Polygonaceae,8,Generalist,Generalist,gen.level,19.75,
385,Polygonum aviculare,Polygonum aviculare,Polygonaceae,2,Casual,Generalist,sp.level,35,Fadb
386,Polystichum lonchitis,Polystichum lonchitis,Dryopteridaceae,1,Casual,Generalist,,,
387,Potentilla asturica,Potentilla asturica,Rosaceae,3,Generalist,Generalist,gen.level,24.35555556,
388,Potentilla crantzii,Potentilla crantzii,Rosaceae,38,Generalist,Generalist,gen.level,24.35555556,
389,Potentilla erecta,Potentilla erecta,Rosaceae,30,Generalist,Generalist,gen.level,24.35555556,
391,Potentilla nivalis subsp. asturica,Potentilla nivalis,Rosaceae,26,Specialist.4.4,Specialist,gen.level,24.35555556,
392,Primula elatior subsp. intricata,Primula elatior,Primulaceae,5,Generalist,Generalist,sp.level,15.6,Fadb
393,Pulsatilla alpina,Pulsatilla alpina,Ranunculaceae,4,Generalist,Generalist,gen.level,15.2,
394,Pulsatilla vernalis,Pulsatilla vernalis,Ranunculaceae,3,Generalist,Generalist,gen.level,15.2,
395,Quercus orocantabrica,Quercus orocantabrica,,1,Casual,Generalist,gen.level,5.822222222,
396,Ranunculus acris subsp. friesianus,Ranunculus acris,Ranunculaceae,1,Casual,Generalist,gen.level,19.45833333,
397,Ranunculus alpestris subsp. leroyi,Ranunculus alpestris,Ranunculaceae,13,Specialist.4.4,Specialist,gen.level,19.45833333,
398,Ranunculus amplexicaulis,Ranunculus amplexicaulis,Ranunculaceae,12,Generalist,Generalist,gen.level,19.45833333,
399,Ranunculus bulbosus,Ranunculus bulbosus,Ranunculaceae,30,Generalist,Generalist,sp.level,18.2,Fadb
400,Ranunculus cabrerensis,Ranunculus cabrerensis,Ranunculaceae,1,Casual,Generalist,gen.level,19.45833333,
401,Ranunculus carinthiacus,Ranunculus carinthiacus,Ranunculaceae,61,Specialist.4.4,Specialist,gen.level,19.45833333,
402,Ranunculus gramineus,Ranunculus gramineus,Ranunculaceae,4,Generalist,Generalist,sp.level,14,Fadb
403,Ranunculus nigrescens,Ranunculus nigrescens,Ranunculaceae,3,Generalist,Generalist,gen.level,19.45833333,
404,Ranunculus parnassiifolius,Ranunculus parnassiifolius,Ranunculaceae,27,Specialist.4.4,Specialist,gen.level,19.45833333,
405,Ranunculus polyanthemos subsp. nemorosus,Ranunculus polyanthemos,Ranunculaceae,13,Generalist,Generalist,gen.level,19.45833333,
406,Ranunculus thora,Ranunculus thora,Ranunculaceae,3,Generalist,Generalist,gen.level,19.45833333,
407,Reseda glauca,Reseda glauca,Resedaceae,24,Generalist,Generalist,gen.level,32.61428571,
408,Rhamnus alpina,Rhamnus alpina,,2,Casual,Generalist,gen.level,29.9,
410,Rhinanthus angustifolius,Rhinanthus angustifolius,,19,Generalist,Generalist,,,
411,Rhinanthus minor,Rhinanthus minor,,22,Generalist,Generalist,,,
412,Ribes alpinum,Ribes alpinum,Grossulariaceae,1,Casual,Generalist,sp.level,18.7,Fadb
413,Romulea bulbocodium,Romulea bulbocodium,,1,Casual,Generalist,,,
414,Rosa spinosissima,Rosa spinosissima,Rosaceae,1,Casual,Generalist,sp.level,5.4,SID
415,Rumex acetosa,Rumex acetosa,Polygonaceae,3,Generalist,Generalist,gen.level,3.097142857,
416,Rumex acetosella subsp. angiocarpus,Rumex acetosella,Polygonaceae,42,Generalist,Generalist,sp.level,2.65,SID
417,Rumex bucephalophorus,Rumex bucephalophorus,Polygonaceae,1,Casual,Generalist,gen.level,3.097142857,
418,Rumex suffruticosus,Rumex suffruticosus,Polygonaceae,13,Generalist,Generalist,gen.level,3.097142857,
419,Sagina apetala,Sagina apetala,Caryophyllaceae,1,Casual,Generalist,,,
420,Sagina saginoides,Sagina saginoides,Caryophyllaceae,13,Generalist,Generalist,,,
421,Salix breviserrata subsp. fontqueri,Salix breviserrata,Salicaceae,42,Specialist.4.4,Specialist,sp.level,5.687,Own data
422,Sanguisorba minor,Sanguisorba minor,Rosaceae,8,Generalist,Generalist,sp.level,9.4,SID
423,Saponaria caespitosa,Saponaria caespitosa,,1,Specialist.4.4,Specialist,gen.level,5.0375,
424,Satureja rivas-martinezii,Satureja rivas-martinezii,,1,Casual,Generalist,gen.level,28.11428571,
425,Saxifraga aizoides,Saxifraga aizoides,Saxifragaceae,1,Casual,Generalist,gen.level,30.25,
426,Saxifraga canaliculata,Saxifraga canaliculata,Saxifragaceae,39,Generalist,Generalist,gen.level,30.25,
427,Saxifraga conifera,Saxifraga conifera,Saxifragaceae,204,Specialist.4.4,Specialist,sp.level,30.123,Own data
428,Saxifraga cuneata,Saxifraga cuneata,Saxifragaceae,4,Generalist,Generalist,gen.level,30.25,
429,Saxifraga fragosoi,Saxifraga fragosoi,Saxifragaceae,2,Casual,Generalist,gen.level,30.25,
430,Saxifraga granulata,Saxifraga granulata,Saxifragaceae,14,Generalist,Generalist,sp.level,30,Fadb
431,Saxifraga hirsuta,Saxifraga hirsuta,Saxifragaceae,2,Casual,Generalist,gen.level,30.25,
432,Saxifraga moschata,Saxifraga moschata,Saxifragaceae,25,Specialist.4.3,Specialist,gen.level,30.25,
433,Saxifraga oppositifolia,Saxifraga oppositifolia,Saxifragaceae,66,Specialist.4.4,Specialist,sp.level,25,Fadb
434,Saxifraga paniculata,Saxifraga paniculata,Saxifragaceae,101,Generalist,Generalist,sp.level,17.18,Own data
435,Saxifraga pentadactylis subsp. willkommiana,Saxifraga pentadactylis,Saxifragaceae,3,Generalist,Generalist,gen.level,30.25,
436,Saxifraga spathularis,Saxifraga spathularis,Saxifragaceae,7,Generalist,Generalist,gen.level,30.25,
437,Scabiosa columbaria,Scabiosa columbaria,,9,Generalist,Generalist,gen.level,19.83333333,
438,Scilla verna,Scilla verna,Asparagaceae,40,Generalist,Generalist,,,
439,Scleranthus perennis,Scleranthus perennis,Caryophyllaceae,1,Casual,Generalist,gen.level,9.1,
440,Scorzoneroides cantabrica,Scorzoneroides cantabrica,Asteraceae,177,Specialist.4.3,Specialist,,,
441,Scorzoneroides carpetana,Scorzoneroides carpetana,Asteraceae,15,Generalist,Generalist,,,
442,Scutellaria alpina,Scutellaria alpina,Lamiaceae,2,Casual,Generalist,gen.level,32.25,
443,Sedum acre,Sedum acre,Crassulaceae,15,Generalist,Generalist,,,
444,Sedum album,Sedum album,Crassulaceae,21,Generalist,Generalist,,,
445,Sedum alpestre,Sedum alpestre,Crassulaceae,2,Casual,Generalist,,,
446,Sedum anglicum subsp. pyrenaicum,Sedum anglicum,Crassulaceae,35,Generalist,Generalist,sp.level,16.906,Own data
447,Sedum arenarium,Sedum arenarium,Crassulaceae,3,Generalist,Generalist,,,
448,Sedum atratum,Sedum atratum,Crassulaceae,92,Specialist.4.4,Specialist,,,
449,Sedum brevifolium,Sedum brevifolium,Crassulaceae,224,Generalist,Generalist,sp.level,12.364,Own data
450,Sedum candolleanum,Sedum candolleanum,Crassulaceae,29,Specialist.4.3,Specialist,,,
451,Sedum hirsutum,Sedum hirsutum,Crassulaceae,4,Generalist,Generalist,,,
452,Selaginella selaginoides,Selaginella selaginoides,Selaginellaceae,4,Generalist,Generalist,,,
453,Sempervivum arachnoideum,Sempervivum arachnoideum,Crassulaceae,4,Generalist,Generalist,,,
454,Sempervivum vicentei,Sempervivum vicentei,Crassulaceae,76,Specialist.4.4,Specialist,,,
455,Senecio carpetanus,Senecio carpetanus,,4,Generalist,Generalist,gen.level,20.94545455,
456,Seseli cantabricum,Seseli cantabricum,Apiaceae,1,Casual,Generalist,sp.level,14.9,Fadb
457,Seseli libanotis,Seseli libanotis,Apiaceae,6,Generalist,Generalist,sp.level,26.4,Fadb
458,Seseli montanum,Seseli montanum,Apiaceae,17,Generalist,Generalist,gen.level,22.76666667,
459,Sesleria caerulea,Sesleria caerulea,Poaceae,32,Generalist,Generalist,,,
460,Sideritis hyssopifolia,Sideritis hyssopifolia,Lamiaceae,25,Generalist,Generalist,gen.level,32.5,
461,Silene acaulis,Silene acaulis,Caryophyllaceae,172,Specialist.4.4,Specialist,sp.level,3.809,Own data
462,Silene ciliata,Silene ciliata,Caryophyllaceae,188,Specialist.4.4,Specialist,sp.level,3.202,Own data
463,Silene foetida subsp. gayana,Silene foetida,Caryophyllaceae,19,Specialist.4.3,Specialist,gen.level,5.192857143,
464,Silene legionensis,Silene legionensis,Caryophyllaceae,2,Casual,Generalist,gen.level,5.192857143,
465,Silene nutans,Silene nutans,Caryophyllaceae,23,Generalist,Generalist,gen.level,5.192857143,
466,Silene rupestris,Silene rupestris,Caryophyllaceae,1,Casual,Generalist,gen.level,5.192857143,
467,Silene suecica,Silene suecica,Caryophyllaceae,3,Specialist.4.3,Specialist,gen.level,5.192857143,
468,Silene vulgaris,Silene vulgaris,Caryophyllaceae,2,Casual,Generalist,sp.level,2.7,SID
469,Soldanella alpina subsp. cantabrica,Soldanella alpina,Primulaceae,3,Generalist,Generalist,,,
470,Solidago virgaurea subsp. minuta,Solidago virgaurea,Asteraceae,100,Generalist,Generalist,sp.level,15.593,Own data
471,Sorbus aria,Sorbus aria,,1,Casual,Generalist,gen.level,18.2625,
472,Spergula morisonii,Spergula morisonii,Caryophyllaceae,5,Generalist,Generalist,sp.level,5.602,Own data
473,Spergula pentandra,Spergula pentandra,Caryophyllaceae,4,Generalist,Generalist,gen.level,14.375,
474,Spergula viscosa,Spergula viscosa,Caryophyllaceae,1,Casual,Generalist,gen.level,14.375,
475,Spiraea hypericifolia subsp. obovata,Spiraea hypericifolia,,1,Casual,Generalist,,,
476,Stachys alopecuros,Stachys alopecuros,,1,Casual,Generalist,gen.level,30.02272727,
477,Stellaria alsine,Stellaria alsine,Caryophyllaceae,2,Casual,Generalist,gen.level,5.9,
478,Stellaria graminea,Stellaria graminea,Caryophyllaceae,2,Casual,Generalist,gen.level,5.9,
479,Stellaria holostea,Stellaria holostea,Caryophyllaceae,1,Casual,Generalist,gen.level,5.9,
480,Succisa pratensis,Succisa pratensis,,15,Generalist,Generalist,,,
481,Taraxacum erythrospermum,Taraxacum erythrospermum,Asteraceae,1,Casual,Generalist,gen.level,26.7,
482,Taraxacum officinale,Taraxacum officinale,Asteraceae,4,Generalist,Generalist,sp.level,26.7,SID
483,Teesdalia conferta,Teesdalia conferta,Brassicaceae,89,Specialist.4.3,Specialist,sp.level,7.963,Own data
484,Teucrium chamaedrys,Teucrium chamaedrys,Lamiaceae,3,Generalist,Generalist,sp.level,10,SID
485,Teucrium expassum,Teucrium expassum,Lamiaceae,3,Generalist,Generalist,sp.level,16,Fadb
486,Teucrium pyrenaicum,Teucrium pyrenaicum,Lamiaceae,15,Generalist,Generalist,gen.level,15.04230769,
487,Thalictrum alpinum,Thalictrum alpinum,Ranunculaceae,2,Casual,Generalist,gen.level,38.46666667,
488,Thalictrum minus,Thalictrum minus,Ranunculaceae,3,Generalist,Generalist,sp.level,41.1,SID
489,Thesium pyrenaicum,Thesium pyrenaicum,Santalaceae,17,Generalist,Generalist,,,
490,Thymelaea coridifolia subsp. dendrobryum,Thymelaea coridifolia,Lamiaceae,65,Specialist.4.3,Specialist,,,
491,Thymelaea ruizii,Thymelaea ruizii,Lamiaceae,1,Casual,Generalist,,,
493,Thymus praecox,Thymus praecox,Lamiaceae,249,Generalist,Generalist,sp.level,18.307,Own data
494,Thymus pulegioides,Thymus pulegioides,Lamiaceae,13,Generalist,Generalist,gen.level,34.13888889,
495,Thymus serpyllum,Thymus serpyllum,Lamiaceae,7,Generalist,Generalist,gen.level,34.13888889,
496,Trichophorum cespitosum subsp. germanicum,Trichophorum cespitosum,Cyperaceae,1,Casual,Generalist,,,
497,Trifolium alpinum,Trifolium alpinum,Fabaceae,46,Specialist.4.3,Specialist,gen.level,9.487407407,
498,Trifolium pratense,Trifolium pratense,Fabaceae,11,Generalist,Generalist,sp.level,8.55,SID
499,Trifolium repens subsp. repens,Trifolium repens,Fabaceae,14,Generalist,Generalist,sp.level,6.33,SID
500,Trifolium thalii,Trifolium thalii,Fabaceae,31,Generalist,Generalist,gen.level,9.487407407,
501,Trinia glauca,Trinia glauca,,8,Generalist,Generalist,,,
502,Trisetum hispidum,Trisetum hispidum,,1,Casual,Generalist,,,
503,Tulipa sylvestris subsp. australis,Tulipa sylvestris,,1,Casual,Generalist,,,
504,Vaccinium myrtillus,Vaccinium myrtillus,Ericaceae,78,Generalist,Generalist,,,
505,Vaccinium uliginosum,Vaccinium uliginosum,Ericaceae,22,Specialist.4.3,Specialist,,,
506,Valeriana apula,Valeriana apula,Caprifoliaceae,10,Specialist.4.4,Specialist,gen.level,29.82,
507,Valeriana tuberosa,Valeriana tuberosa,Caprifoliaceae,4,Generalist,Generalist,gen.level,29.82,
508,Veratrum album,Veratrum album,Melanthiaceae,1,Casual,Generalist,,,
509,Veronica alpina,Veronica alpina,Plantaginaceae,3,Generalist,Generalist,gen.level,20.44,
510,Veronica aphylla,Veronica aphylla,Plantaginaceae,17,Specialist.4.4,Specialist,gen.level,20.44,
511,Veronica fruticans subsp. cantabrica,Veronica fruticans,Plantaginaceae,2,Casual,Generalist,gen.level,20.44,
512,Veronica fruticulosa,Veronica fruticulosa,Plantaginaceae,4,Generalist,Generalist,gen.level,20.44,
513,Veronica mampodrensis,Veronica mampodrensis,Plantaginaceae,5,Generalist,Generalist,gen.level,20.44,
514,Veronica nummularia,Veronica nummularia,Plantaginaceae,13,Specialist.4.4,Specialist,gen.level,20.44,
515,Veronica officinalis,Veronica officinalis,Plantaginaceae,21,Generalist,Generalist,gen.level,20.44,
516,Veronica persica,Veronica persica,Plantaginaceae,1,Casual,Generalist,sp.level,9.1,Fadb
517,Veronica ponae,Veronica ponae,Plantaginaceae,1,Casual,Generalist,gen.level,20.44,
518,Veronica serpyllifolia subsp. humifusa,Veronica serpyllifolia,Plantaginaceae,2,Casual,Generalist,gen.level,20.44,
519,Veronica verna,Veronica verna,Plantaginaceae,1,Casual,Generalist,gen.level,20.44,
520,Vicia pyrenaica,Vicia pyrenaica,Fabaceae,5,Generalist,Generalist,gen.level,3.483859649,
521,Viola biflora,Viola biflora,violaceae,4,Generalist,Generalist,,,
522,Viola bubanii,Viola bubanii,violaceae,3,Generalist,Generalist,,,
523,Viola palustris subsp. palustris,Viola palustris,violaceae,2,Casual,Generalist,,,
524,Viola pyrenaica,Viola pyrenaica,violaceae,3,Generalist,Generalist,,,
526,Viola rupestris,Viola rupestris,violaceae,32,Specialist.4.4,Specialist,,,
527,Viola sylvestris subsp. sylvestris,Viola sylvestris,violaceae,3,Generalist,Generalist,,,
528,Wahlenbergia hederacea,Wahlenbergia hederacea,,1,Casual,Generalist,,,
