Taxon,code,community,site ,mass_50
Androsace villosa,300821-03,Temperate,Hoyo sin tierra,73
Androsace villosa,300821-03,Temperate,Hoyo sin tierra,76
Androsace villosa,300821-03,Temperate,Hoyo sin tierra,76
Androsace villosa,300821-03,Temperate,Hoyo sin tierra,76
Androsace villosa,300821-03,Temperate,Hoyo sin tierra,83
Androsace villosa,310821-11,Temperate,Los cazadores,56
Androsace villosa,310821-11,Temperate,Los cazadores,56
Androsace villosa,310821-11,Temperate,Los cazadores,59
Androsace villosa,310821-11,Temperate,Los cazadores,57
Androsace villosa,310821-11,Temperate,Los cazadores,54
Anthyllis vulneraria,310821-12,Temperate,Los cazadores,195
Anthyllis vulneraria,310821-12,Temperate,Los cazadores,184
Anthyllis vulneraria,310821-12,Temperate,Los cazadores,210
Anthyllis vulneraria,310821-12,Temperate,Los cazadores,164
Anthyllis vulneraria,120722-02,Temperate,Hoyo sin tierra,230
Anthyllis vulneraria,120722-02,Temperate,Hoyo sin tierra,220
Anthyllis vulneraria,120722-02,Temperate,Hoyo sin tierra,229
Anthyllis vulneraria,120722-02,Temperate,Hoyo sin tierra,210
Anthyllis vulneraria,120722-02,Temperate,Hoyo sin tierra,220
Anthyllis vulneraria,120722-02,Temperate,Hoyo sin tierra,219
Anthyllis vulneraria,120722-02,Temperate,Hoyo sin tierra,249
Anthyllis vulneraria,120722-02,Temperate,Hoyo sin tierra,231
Anthyllis vulneraria,120722-02,Temperate,Hoyo sin tierra,226
Anthyllis vulneraria,120722-02,Temperate,Hoyo sin tierra,240
Anthyllis vulneraria,120722-02,Temperate,Hoyo sin tierra,180
Anthyllis vulneraria,120722-02,Temperate,Hoyo sin tierra,220
Anthyllis vulneraria,120722-02,Temperate,Hoyo sin tierra,234
Anthyllis vulneraria,120722-02,Temperate,Hoyo sin tierra,219
Anthyllis vulneraria,120722-02,Temperate,Hoyo sin tierra,223
Arenaria erinacea,300821-08,Temperate,Hoyo sin tierra,15.66
Arenaria erinacea,300821-08,Temperate,Hoyo sin tierra,18.27
Arenaria erinacea,300821-08,Temperate,Hoyo sin tierra,18.32
Arenaria erinacea,300821-08,Temperate,Hoyo sin tierra,18.02
Arenaria erinacea,300821-08,Temperate,Hoyo sin tierra,19.6
Arenaria erinacea,300821-08,Temperate,Hoyo sin tierra,21
Arenaria erinacea,300821-08,Temperate,Hoyo sin tierra,20
Arenaria erinacea,300821-08,Temperate,Hoyo sin tierra,20
Arenaria erinacea,300821-08,Temperate,Hoyo sin tierra,21
Arenaria erinacea,300821-08,Temperate,Hoyo sin tierra,19
Arenaria moehringioides,310823-01,Temperate,Boches,11.54
Arenaria moehringioides,310823-01,Temperate,Boches,10.22
Arenaria moehringioides,310823-01,Temperate,Boches,11.12
Arenaria moehringioides,310823-01,Temperate,Boches,12.39
Arenaria moehringioides,310823-01,Temperate,Boches,12.11
Arenaria moehringioides,310823-01,Temperate,Boches,11.33
Armeria cantabrica,130921-15,Temperate,Hou sin tierri,102
Armeria cantabrica,130921-15,Temperate,Hou sin tierri,104
Armeria cantabrica,130921-15,Temperate,Hou sin tierri,102
Armeria cantabrica,130921-15,Temperate,Hou sin tierri,122
Armeria cantabrica,130921-15,Temperate,Hou sin tierri,116
Armeria cantabrica,190822-09,Temperate,Hou sin tierri,89
Armeria cantabrica,190822-09,Temperate,Hou sin tierri,91
Armeria cantabrica,190822-09,Temperate,Hou sin tierri,93
Armeria cantabrica,190822-09,Temperate,Hou sin tierri,77
Armeria cantabrica,230822-01,Temperate,Boches,73
Armeria cantabrica,230822-01,Temperate,Boches,80
Armeria cantabrica,230822-01,Temperate,Boches,75
Armeria cantabrica,230822-01,Temperate,Boches,76
Armeria cantabrica,230822-01,Temperate,Boches,71
Carex sempervirens,310821-13,Temperate,Los cazadores,46
Carex sempervirens,310821-13,Temperate,Los cazadores,52
Carex sempervirens,310821-13,Temperate,Los cazadores,43
Carex sempervirens,310821-13,Temperate,Los cazadores,48
Carex sempervirens,310821-13,Temperate,Los cazadores,49
Carex sempervirens,130921-02,Temperate,Hou sin tierri,48
Carex sempervirens,130921-02,Temperate,Hou sin tierri,44
Carex sempervirens,130921-02,Temperate,Hou sin tierri,44
Carex sempervirens,130921-02,Temperate,Hou sin tierri,45
Carex sempervirens,130921-02,Temperate,Hou sin tierri,51
Dethawia splendens,300822-04,Temperate,Los cazadores,140
Dethawia splendens,010923-01,Temperate,Los cazadores,120.23
Dethawia splendens,010923-01,Temperate,Los cazadores,106.21
Dethawia splendens,010923-01,Temperate,Los cazadores,126.83
Dethawia splendens,010923-01,Temperate,Los cazadores,111.97
Dethawia splendens,010923-01,Temperate,Los cazadores,104.63
Dethawia splendens,010923-01,Temperate,Los cazadores,129.97
Dethawia splendens,010923-01,Temperate,Los cazadores,134.67
Dethawia splendens,210823-08,Temperate,Hoyo sin tierra,177.73
Dethawia splendens,210823-08,Temperate,Hoyo sin tierra,178.6
Erigeron alpinus,230822-06,Temperate,Boches,8.03
Erigeron alpinus,190822-12,Temperate,Hou sin tierri,6.86
Erigeron alpinus,190822-12,Temperate,Hou sin tierri,6.62
Erigeron alpinus,190822-12,Temperate,Hou sin tierri,6.83
Erigeron alpinus,190822-12,Temperate,Hou sin tierri,6.92
Erigeron alpinus,190822-12,Temperate,Hou sin tierri,6.98
Erigeron alpinus,190822-12,Temperate,Hou sin tierri,6.35
Erigeron alpinus,210823-05,Temperate,Hoyo sin tierra,5.42
Erigeron alpinus,210823-05,Temperate,Hoyo sin tierra,5.47
Erigeron alpinus,210823-05,Temperate,Hoyo sin tierra,5.91
Euphrasia salisburgensis,300921-01,Temperate,Los cazadores,8
Euphrasia salisburgensis,300921-01,Temperate,Los cazadores,8
Euphrasia salisburgensis,300921-01,Temperate,Los cazadores,7
Euphrasia salisburgensis,300921-01,Temperate,Los cazadores,8
Euphrasia salisburgensis,300921-01,Temperate,Los cazadores,5
Euphrasia salisburgensis,011021-01,Temperate,Hou sin tierri,8.45
Euphrasia salisburgensis,011021-01,Temperate,Hou sin tierri,10.13
Euphrasia salisburgensis,011021-01,Temperate,Hou sin tierri,8.45
Euphrasia salisburgensis,011021-01,Temperate,Hou sin tierri,7.96
Euphrasia salisburgensis,011021-01,Temperate,Hou sin tierri,8.37
Festuca glacialis,190822-03,Temperate,Hou sin tierri,31
Festuca glacialis,190822-03,Temperate,Hou sin tierri,32
Festuca glacialis,190822-03,Temperate,Hou sin tierri,39
Festuca glacialis,190822-03,Temperate,Hou sin tierri,30
Festuca glacialis,190822-03,Temperate,Hou sin tierri,35
Festuca glacialis,230822-04,Temperate,Boches,24
Festuca glacialis,230822-04,Temperate,Boches,25
Festuca glacialis,230822-04,Temperate,Boches,25
Festuca glacialis,230822-04,Temperate,Boches,25
Festuca glacialis,230822-04,Temperate,Boches,22
Festuca rubra,310821-02,Temperate,Los cazadores,4.71
Festuca rubra,310821-02,Temperate,Los cazadores,4.23
Festuca rubra,310821-02,Temperate,Los cazadores,4.97
Festuca rubra,310821-02,Temperate,Los cazadores,4.95
Festuca rubra,310821-02,Temperate,Los cazadores,4.96
Festuca rubra,310821-02,Temperate,Los cazadores,8.84
Festuca rubra,310821-02,Temperate,Los cazadores,7.86
Festuca rubra,310821-02,Temperate,Los cazadores,8.92
Festuca rubra,310821-02,Temperate,Los cazadores,10.69
Festuca rubra,310821-02,Temperate,Los cazadores,7.1
Galium pyrenaicum,310822-03,Temperate,Hou sin tierri,46
Galium pyrenaicum,310822-03,Temperate,Hou sin tierri,45
Galium pyrenaicum,310822-03,Temperate,Hou sin tierri,41
Galium pyrenaicum,310822-03,Temperate,Hou sin tierri,37
Galium pyrenaicum,310822-03,Temperate,Hou sin tierri,44
Galium pyrenaicum,310822-03,Temperate,Hou sin tierri,40
Galium pyrenaicum,310822-03,Temperate,Hou sin tierri,38
Galium pyrenaicum,310822-03,Temperate,Hou sin tierri,38
Galium pyrenaicum,310822-03,Temperate,Hou sin tierri,40
Galium pyrenaicum,310822-03,Temperate,Hou sin tierri,36
Galium pyrenaicum,310822-03,Temperate,Hou sin tierri,46
Galium pyrenaicum,310822-03,Temperate,Hou sin tierri,45
Galium pyrenaicum,310822-03,Temperate,Hou sin tierri,41
Galium pyrenaicum,310822-03,Temperate,Hou sin tierri,37
Galium pyrenaicum,310822-03,Temperate,Hou sin tierri,44
Galium pyrenaicum,310822-03,Temperate,Hou sin tierri,40
Galium pyrenaicum,310822-03,Temperate,Hou sin tierri,38
Galium pyrenaicum,310822-03,Temperate,Hou sin tierri,38
Galium pyrenaicum,310822-03,Temperate,Hou sin tierri,40
Galium pyrenaicum,310822-03,Temperate,Hou sin tierri,36
Gentiana verna,130921-06,Temperate,Hou sin tierri,4.7
Gentiana verna,130921-06,Temperate,Hou sin tierri,3.2
Gentiana verna,130921-06,Temperate,Hou sin tierri,4.83
Gentiana verna,130921-06,Temperate,Hou sin tierri,5.08
Gentiana verna,130921-06,Temperate,Hou sin tierri,6.07
Gentiana verna,140921-06,Temperate,Los boches,4.91
Gentiana verna,140921-06,Temperate,Los boches,5
Gentiana verna,140921-06,Temperate,Los boches,5.1
Gentiana verna,140921-06,Temperate,Los boches,3.86
Gentiana verna,140921-06,Temperate,Los boches,7.11
Gentianella campestris,300921-03,Temperate,Los cazadores,5.11
Gentianella campestris,300921-03,Temperate,Los cazadores,4.51
Gentianella campestris,300921-03,Temperate,Los cazadores,4.98
Gentianella campestris,300921-03,Temperate,Los cazadores,4.65
Gentianella campestris,300921-03,Temperate,Los cazadores,4.72
Gentianella campestris,300921-03,Temperate,Los cazadores,5.25
Gentianella campestris,300921-03,Temperate,Los cazadores,4.61
Gentianella campestris,300921-03,Temperate,Los cazadores,4.35
Gentianella campestris,300921-03,Temperate,Los cazadores,4.56
Gentianella campestris,300921-03,Temperate,Los cazadores,4.31
Gypsophila repens,310821-08,Temperate,Los cazadores,19
Gypsophila repens,310821-08,Temperate,Los cazadores,24
Gypsophila repens,310821-08,Temperate,Los cazadores,19
Gypsophila repens,310821-08,Temperate,Los cazadores,19
Gypsophila repens,310821-08,Temperate,Los cazadores,20
Gypsophila repens,190822-10,Temperate,Hou sin tierri,29
Gypsophila repens,190822-10,Temperate,Hou sin tierri,30
Gypsophila repens,190822-10,Temperate,Hou sin tierri,29
Gypsophila repens,190822-10,Temperate,Hou sin tierri,29
Gypsophila repens,190822-10,Temperate,Hou sin tierri,27
Helianthemum canum,300821-05,Temperate,Hoyo sin tierra,29
Helianthemum canum,300821-05,Temperate,Hoyo sin tierra,32
Helianthemum canum,300821-05,Temperate,Hoyo sin tierra,32
Helianthemum canum,300821-05,Temperate,Hoyo sin tierra,33
Helianthemum canum,300821-05,Temperate,Hoyo sin tierra,33
Helianthemum canum,310821-05,Temperate,Los cazadores,20
Helianthemum canum,310821-05,Temperate,Los cazadores,24
Helianthemum canum,310821-05,Temperate,Los cazadores,22
Helianthemum canum,310821-05,Temperate,Los cazadores,30
Helianthemum canum,310821-05,Temperate,Los cazadores,30
Helianthemum urrielense,130921-05,Temperate,Hou sin tierri,45
Helianthemum urrielense,130921-05,Temperate,Hou sin tierri,47
Helianthemum urrielense,130921-05,Temperate,Hou sin tierri,41
Helianthemum urrielense,130921-05,Temperate,Hou sin tierri,44
Helianthemum urrielense,130921-05,Temperate,Hou sin tierri,42
Helianthemum urrielense,140921-04,Temperate,Los boches,23
Helianthemum urrielense,140921-04,Temperate,Los boches,27
Helianthemum urrielense,140921-04,Temperate,Los boches,22
Helianthemum urrielense,140921-04,Temperate,Los boches,26
Helianthemum urrielense,140921-04,Temperate,Los boches,21
Iberis carnosa,210823-13,Temperate,Hoyo sin tierra,74.45
Iberis carnosa,210823-13,Temperate,Hoyo sin tierra,77.08
Iberis carnosa,210823-13,Temperate,Hoyo sin tierra,74.14
Iberis carnosa,210823-13,Temperate,Hoyo sin tierra,83.17
Iberis carnosa,210823-13,Temperate,Hoyo sin tierra,73.33
Iberis carnosa,210823-13,Temperate,Hoyo sin tierra,73.14
Iberis carnosa,210823-13,Temperate,Hoyo sin tierra,73.11
Iberis carnosa,210823-13,Temperate,Hoyo sin tierra,73.35
Iberis carnosa,210823-13,Temperate,Hoyo sin tierra,73.2
Iberis carnosa,210823-13,Temperate,Hoyo sin tierra,76.57
Jasione cavanillesii,230822-02,Temperate,Los boches,5.83
Jasione cavanillesii,230822-02,Temperate,Los boches,5.64
Jasione cavanillesii,230822-02,Temperate,Los boches,5.47
Jasione cavanillesii,230822-02,Temperate,Los boches,5.46
Jasione cavanillesii,230822-02,Temperate,Los boches,5.68
Jasione cavanillesii,230822-02,Temperate,Los boches,5.46
Jasione cavanillesii,230822-02,Temperate,Los boches,5.53
Jasione cavanillesii,230822-02,Temperate,Los boches,5.45
Jasione cavanillesii,230822-02,Temperate,Los boches,5.71
Jasione cavanillesii,230822-02,Temperate,Los boches,5.8
Jurinea humilis,210823-09,Temperate,Hoyo sin tierra,267.01
Jurinea humilis,210823-09,Temperate,Hoyo sin tierra,254.32
Kobresia myosuroides,130921-03,Temperate,Hou sin tierri,27
Kobresia myosuroides,130921-03,Temperate,Hou sin tierri,34
Kobresia myosuroides,130921-03,Temperate,Hou sin tierri,41
Kobresia myosuroides,130921-03,Temperate,Hou sin tierri,46
Kobresia myosuroides,130921-03,Temperate,Hou sin tierri,36
Kobresia myosuroides,130921-03,Temperate,Hou sin tierri,51
Kobresia myosuroides,130921-03,Temperate,Hou sin tierri,46
Kobresia myosuroides,130921-03,Temperate,Hou sin tierri,36
Kobresia myosuroides,130921-03,Temperate,Hou sin tierri,44
Kobresia myosuroides,130921-03,Temperate,Hou sin tierri,52
Koeleria vallesiana,300821-02,Temperate,Hoyo sin tierra,41
Koeleria vallesiana,300821-02,Temperate,Hoyo sin tierra,44
Koeleria vallesiana,300821-02,Temperate,Hoyo sin tierra,45
Koeleria vallesiana,300821-02,Temperate,Hoyo sin tierra,40
Koeleria vallesiana,300821-02,Temperate,Hoyo sin tierra,40
Koeleria vallesiana,310821-09,Temperate,Los cazadores,21
Koeleria vallesiana,310821-09,Temperate,Los cazadores,24
Koeleria vallesiana,310821-09,Temperate,Los cazadores,25
Koeleria vallesiana,310821-09,Temperate,Los cazadores,24
Koeleria vallesiana,310821-09,Temperate,Los cazadores,24
Linaria alpina,190822-01,Temperate,Hou sin tierri,20
Linaria alpina,190822-01,Temperate,Hou sin tierri,22
Linaria alpina,190822-01,Temperate,Hou sin tierri,22
Linaria alpina,190822-01,Temperate,Hou sin tierri,24
Linaria alpina,190822-01,Temperate,Hou sin tierri,19
Minuartia CF,310821-10,Temperate,Los cazadores,4.07
Minuartia CF,310821-10,Temperate,Los cazadores,4.24
Minuartia CF,310821-10,Temperate,Los cazadores,4.17
Minuartia CF,310821-10,Temperate,Los cazadores,3.78
Minuartia CF,310821-10,Temperate,Los cazadores,4.78
Minuartia CF,310821-10,Temperate,Los cazadores,5.01
Minuartia CF,310821-10,Temperate,Los cazadores,5.04
Minuartia CF,310821-10,Temperate,Los cazadores,4.66
Minuartia CF,310821-10,Temperate,Los cazadores,5.11
Minuartia CF,310821-10,Temperate,Los cazadores,4.91
Minuartia verna,300821-06,Temperate,Hoyo sin tierra,24
Minuartia verna,300821-06,Temperate,Hoyo sin tierra,22
Minuartia verna,300821-06,Temperate,Hoyo sin tierra,23
Minuartia verna,300821-06,Temperate,Hoyo sin tierra,24
Minuartia verna,300821-06,Temperate,Hoyo sin tierra,24
Minuartia verna,300821-06,Temperate,Hoyo sin tierra,26
Minuartia verna,300821-06,Temperate,Hoyo sin tierra,25
Minuartia verna,300821-06,Temperate,Hoyo sin tierra,27
Minuartia verna,300821-06,Temperate,Hoyo sin tierra,26
Minuartia verna,300821-06,Temperate,Hoyo sin tierra,28
Pedicularis pyrenaica,130921-04,Temperate,Hou sin tierri,33
Pedicularis pyrenaica,130921-04,Temperate,Hou sin tierri,36
Pedicularis pyrenaica,130921-04,Temperate,Hou sin tierri,36
Pedicularis pyrenaica,130921-04,Temperate,Hou sin tierri,39
Pedicularis pyrenaica,300822-02,Temperate,Los cazadores,40
Pedicularis pyrenaica,300822-02,Temperate,Los cazadores,36
Pedicularis pyrenaica,300822-02,Temperate,Los cazadores,37
Pedicularis pyrenaica,300822-02,Temperate,Los cazadores,35
Pedicularis pyrenaica,300822-02,Temperate,Los cazadores,35
Pedicularis pyrenaica,300822-02,Temperate,Los cazadores,36
Pedicularis pyrenaica,300822-02,Temperate,Los cazadores,36
Phyteuma orbiculare,210823-07,Temperate,Hoyo sin tierra,7.69
Phyteuma orbiculare,010923-02,Temperate,Los cazadores,5.04
Phyteuma orbiculare,010923-02,Temperate,Los cazadores,6.73
Phyteuma orbiculare,010923-02,Temperate,Los cazadores,4.51
Phyteuma orbiculare,010923-02,Temperate,Los cazadores,5.23
Phyteuma orbiculare,010923-02,Temperate,Los cazadores,5.35
Phyteuma orbiculare,010923-02,Temperate,Los cazadores,5.69
Phyteuma orbiculare,010923-02,Temperate,Los cazadores,6.93
Phyteuma orbiculare,010923-02,Temperate,Los cazadores,5.12
Phyteuma orbiculare,010923-02,Temperate,Los cazadores,4.38
Plantago alpina,190822-07,Temperate,Hou sin tierri,20
Plantago alpina,190822-07,Temperate,Hou sin tierri,20
Plantago alpina,190822-07,Temperate,Hou sin tierri,16
Plantago alpina,190822-07,Temperate,Hou sin tierri,19
Plantago alpina,190822-07,Temperate,Hou sin tierri,21
Plantago alpina,190822-07,Temperate,Hou sin tierri,18
Plantago alpina,190822-07,Temperate,Hou sin tierri,20
Plantago alpina,190822-07,Temperate,Hou sin tierri,19
Plantago alpina,190822-07,Temperate,Hou sin tierri,19
Plantago alpina,190822-07,Temperate,Hou sin tierri,21
Plantago alpina,190822-07,Temperate,Hou sin tierri,20
Plantago alpina,190822-07,Temperate,Hou sin tierri,20
Plantago alpina,190822-07,Temperate,Hou sin tierri,16
Plantago alpina,190822-07,Temperate,Hou sin tierri,19
Plantago alpina,190822-07,Temperate,Hou sin tierri,21
Plantago alpina,190822-07,Temperate,Hou sin tierri,18
Plantago alpina,190822-07,Temperate,Hou sin tierri,20
Plantago alpina,190822-07,Temperate,Hou sin tierri,19
Plantago alpina,190822-07,Temperate,Hou sin tierri,19
Plantago alpina,190822-07,Temperate,Hou sin tierri,21
Salix breviserrata,140722-01,Temperate,Los boches,4.24
Salix breviserrata,140722-01,Temperate,Los boches,3.91
Salix breviserrata,140722-01,Temperate,Los boches,4.31
Salix breviserrata,140722-01,Temperate,Los boches,4.31
Salix breviserrata,140722-01,Temperate,Los boches,4.07
Salix breviserrata,140722-01,Temperate,Boches,4.23
Salix breviserrata,140722-01,Temperate,Boches,4.04
Salix breviserrata,140722-01,Temperate,Boches,4.02
Salix breviserrata,140722-01,Temperate,Boches,4.15
Salix breviserrata,140722-01,Temperate,Boches,4.12
Saxifraga conifera,120722-01,Temperate,Hoyo sin tierra,2.35
Saxifraga conifera,120722-01,Temperate,Hoyo sin tierra,2.02
Saxifraga conifera,120722-01,Temperate,Hoyo sin tierra,2.39
Saxifraga conifera,120722-01,Temperate,Hoyo sin tierra,2.27
Saxifraga conifera,120722-01,Temperate,Hoyo sin tierra,2.13
Saxifraga conifera,120722-01,Temperate,Hoyo sin tierra,2.45
Saxifraga conifera,120722-01,Temperate,Hoyo sin tierra,2.31
Saxifraga conifera,120722-01,Temperate,Hoyo sin tierra,2.47
Saxifraga conifera,120722-01,Temperate,Hoyo sin tierra,2.29
Saxifraga conifera,120722-01,Temperate,Hoyo sin tierra,2.07
Saxifraga oppositifolia,190822-05,Temperate,Hou sin tierri,5.2
Saxifraga oppositifolia,190822-05,Temperate,Hou sin tierri,5.29
Saxifraga oppositifolia,190822-05,Temperate,Hou sin tierri,5.31
Saxifraga oppositifolia,190822-05,Temperate,Hou sin tierri,5.32
Saxifraga oppositifolia,190822-05,Temperate,Hou sin tierri,5.37
Saxifraga oppositifolia,190822-05,Temperate,Hou sin tierri,5.03
Saxifraga oppositifolia,190822-05,Temperate,Hou sin tierri,5.32
Saxifraga oppositifolia,190822-05,Temperate,Hou sin tierri,5.43
Saxifraga oppositifolia,190822-05,Temperate,Hou sin tierri,5.1
Saxifraga oppositifolia,190822-05,Temperate,Hou sin tierri,5.17
Saxifraga paniculata,310821-14,Temperate,Los cazadores,3.27
Saxifraga paniculata,310821-14,Temperate,Los cazadores,3.44
Saxifraga paniculata,310821-14,Temperate,Los cazadores,3.3
Saxifraga paniculata,310821-14,Temperate,Los cazadores,3.48
Saxifraga paniculata,310821-14,Temperate,Los cazadores,3.32
Saxifraga paniculata,310821-14,Temperate,Los cazadores,3.81
Saxifraga paniculata,310821-14,Temperate,Los cazadores,3.73
Saxifraga paniculata,310821-14,Temperate,Los cazadores,3.68
Saxifraga paniculata,310821-14,Temperate,Los cazadores,3.92
Saxifraga paniculata,310821-14,Temperate,Los cazadores,3.91
Saxifraga paniculata,300822-06,Temperate,Los cazadores,3.08
Saxifraga paniculata,300822-06,Temperate,Los cazadores,2.63
Scilla verna,310821-06,Temperate,Los cazadores,64
Scilla verna,310821-06,Temperate,Los cazadores,59
Scilla verna,310821-06,Temperate,Los cazadores,60
Scilla verna,310821-06,Temperate,Los cazadores,62
Sedum album,300821-14,Temperate,Hoyo sin tierra,1.16
Sedum album,300821-14,Temperate,Hoyo sin tierra,1.28
Sedum album,300821-14,Temperate,Hoyo sin tierra,1.59
Sedum album,300821-14,Temperate,Hoyo sin tierra,1.58
Sedum album,300821-14,Temperate,Hoyo sin tierra,1.49
Sedum atratum,300822-07,Temperate,Los cazadores,1.63
Sedum atratum,300822-07,Temperate,Los cazadores,1.58
Sedum atratum,300822-07,Temperate,Los cazadores,1.73
Sedum atratum,300822-07,Temperate,Los cazadores,1.62
Sedum atratum,300822-07,Temperate,Los cazadores,1.86
Sedum atratum,310822-05,Temperate,Hou sin tierri,1.47
Sedum atratum,310822-05,Temperate,Hou sin tierri,1.73
Sedum atratum,310822-05,Temperate,Hou sin tierri,1.42
Sedum atratum,310822-05,Temperate,Hou sin tierri,1.78
Sedum atratum,310822-05,Temperate,Hou sin tierri,1.52
Sempervivum vicentei,300822-08,Temperate,Los cazadores,2.12
Sempervivum vicentei,300822-08,Temperate,Los cazadores,2.24
Sempervivum vicentei,300822-08,Temperate,Los cazadores,2.12
Sempervivum vicentei,300822-08,Temperate,Los cazadores,1.98
Sempervivum vicentei,300822-08,Temperate,Los cazadores,2.19
Sempervivum vicentei,210823-02,Temperate,Hoyo sin tierra,1.63
Sempervivum vicentei,210823-02,Temperate,Hoyo sin tierra,1.96
Sempervivum vicentei,210823-02,Temperate,Hoyo sin tierra,1.78
Sempervivum vicentei,210823-02,Temperate,Hoyo sin tierra,1.81
Sempervivum vicentei,210823-02,Temperate,Hoyo sin tierra,2.12
Sesleria caerula,010923-04,Temperate,Los cazadores,32.44
Sesleria caerula,010923-04,Temperate,Los cazadores,43.46
Sesleria caerula,010923-04,Temperate,Los cazadores,46.86
Silene acaulis,130921-07,Temperate,Hou sin tierri,20
Silene acaulis,130921-07,Temperate,Hou sin tierri,16
Silene acaulis,130921-07,Temperate,Hou sin tierri,20
Silene acaulis,130921-07,Temperate,Hou sin tierri,20
Silene acaulis,130921-07,Temperate,Hou sin tierri,19
Silene acaulis,140921-03,Temperate,Los boches,11
Silene acaulis,140921-03,Temperate,Los boches,9
Silene acaulis,140921-03,Temperate,Los boches,12
Silene acaulis,140921-03,Temperate,Los boches,12
Silene acaulis,140921-03,Temperate,Los boches,11
Silene ciliata,300821-11,Temperate,Hoyo sin tierra,11
Silene ciliata,300821-11,Temperate,Hoyo sin tierra,24
Silene ciliata,300821-11,Temperate,Hoyo sin tierra,18
Silene ciliata,300821-11,Temperate,Hoyo sin tierra,18
Silene ciliata,300821-11,Temperate,Hoyo sin tierra,17
Silene ciliata,300821-11,Temperate,Hoyo sin tierra,18
Silene ciliata,300821-11,Temperate,Hoyo sin tierra,21
Silene ciliata,300821-11,Temperate,Hoyo sin tierra,18
Silene ciliata,300821-11,Temperate,Hoyo sin tierra,18
Silene ciliata,300821-11,Temperate,Hoyo sin tierra,16
Thymus praecox,300821-07,Temperate,Hoyo sin tierra,7.35
Thymus praecox,300821-07,Temperate,Hoyo sin tierra,7.8
Thymus praecox,300821-07,Temperate,Hoyo sin tierra,6.65
Thymus praecox,300821-07,Temperate,Hoyo sin tierra,7.38
Thymus praecox,300821-07,Temperate,Hoyo sin tierra,4.94
Thymus praecox,130921-10,Temperate,Hou sin tierri,4.98
Thymus praecox,130921-10,Temperate,Hou sin tierri,5.33
Thymus praecox,130921-10,Temperate,Hou sin tierri,4.05
Thymus praecox,130921-10,Temperate,Hou sin tierri,5.55
Thymus praecox,130921-10,Temperate,Hou sin tierri,4.37
Veronica nummularia,190822-06,Temperate,Hou sin tierri,9
Veronica nummularia,190822-06,Temperate,Hou sin tierri,11
Veronica nummularia,190822-06,Temperate,Hou sin tierri,11
Veronica nummularia,190822-06,Temperate,Hou sin tierri,10
Veronica nummularia,190822-06,Temperate,Hou sin tierri,10
Veronica nummularia,190822-06,Temperate,Hou sin tierri,10
Veronica nummularia,190822-06,Temperate,Hou sin tierri,9
Veronica nummularia,190822-06,Temperate,Hou sin tierri,10
Veronica nummularia,230822-05,Temperate,Boches,11
Veronica nummularia,230822-05,Temperate,Boches,11
Agrostis tileni,090822-01,Mediterranean,Solana,4.49
Agrostis tileni,090822-01,Mediterranean,Solana,4.29
Agrostis tileni,090822-01,Mediterranean,Solana,4.24
Agrostis tileni,090822-01,Mediterranean,Solana,4.38
Agrostis tileni,090822-01,Mediterranean,Solana,4.68
Agrostis tileni,090822-01,Mediterranean,Solana,4.39
Agrostis tileni,090822-01,Mediterranean,Solana,4.63
Agrostis tileni,090822-01,Mediterranean,Solana,4.54
Agrostis tileni,090822-01,Mediterranean,Solana,4.27
Agrostis tileni,090822-01,Mediterranean,Solana,4.45
Armeria duriaei,240821-01,Mediterranean,Rabinalto,67.15
Armeria duriaei,240821-01,Mediterranean,Rabinalto,71.78
Armeria duriaei,240821-01,Mediterranean,Rabinalto,73.3
Armeria duriaei,240821-01,Mediterranean,Rabinalto,70.82
Armeria duriaei,240821-01,Mediterranean,Rabinalto,75.93
Armeria duriaei,250821-01,Mediterranean,Penauta,74
Armeria duriaei,250821-01,Mediterranean,Penauta,82
Armeria duriaei,250821-01,Mediterranean,Penauta,83
Armeria duriaei,250821-01,Mediterranean,Penauta,80
Armeria duriaei,250821-01,Mediterranean,Penauta,79
Avenella flexuosa,040822-11,Mediterranean,Solana,49
Avenella flexuosa,040822-11,Mediterranean,Solana,53
Avenella flexuosa,040822-11,Mediterranean,Solana,47
Avenella flexuosa,110822-03,Mediterranean,Cañada,46
Avenella flexuosa,110822-03,Mediterranean,Cañada,49
Avenella flexuosa,110822-03,Mediterranean,Cañada,51
Avenella flexuosa,110822-03,Mediterranean,Cañada,50
Cerastium ramosissimum,150721-05,Mediterranean,Cañada,7.11
Cerastium ramosissimum,150721-05,Mediterranean,Cañada,7.35
Cerastium ramosissimum,150721-05,Mediterranean,Cañada,7.21
Cerastium ramosissimum,150721-05,Mediterranean,Cañada,6.63
Cerastium ramosissimum,150721-05,Mediterranean,Cañada,7.08
Cerastium ramosissimum,280721-02,Mediterranean,Rabinalto,6.08
Cerastium ramosissimum,280721-02,Mediterranean,Rabinalto,6.21
Cerastium ramosissimum,280721-02,Mediterranean,Rabinalto,6.03
Cerastium ramosissimum,280721-02,Mediterranean,Rabinalto,6.02
Cerastium ramosissimum,280721-02,Mediterranean,Rabinalto,5.91
Conopodium majus,240821-03,Mediterranean,Rabinalto,49.95
Conopodium majus,240821-03,Mediterranean,Rabinalto,56.69
Conopodium majus,240821-03,Mediterranean,Rabinalto,52.65
Conopodium majus,240821-03,Mediterranean,Rabinalto,52.32
Conopodium majus,240821-03,Mediterranean,Rabinalto,58.38
Conopodium majus,250821-04,Mediterranean,Penauta,108
Conopodium majus,250821-04,Mediterranean,Penauta,95
Conopodium majus,250821-04,Mediterranean,Penauta,94
Conopodium majus,250821-04,Mediterranean,Penauta,86
Conopodium majus,250821-04,Mediterranean,Penauta,102
Dianthus langeanus,110821-01,Mediterranean,Penauta,46.39
Dianthus langeanus,110821-01,Mediterranean,Penauta,46.52
Dianthus langeanus,110821-01,Mediterranean,Penauta,45.65
Dianthus langeanus,110821-01,Mediterranean,Penauta,48.98
Dianthus langeanus,110821-01,Mediterranean,Penauta,49.45
Dianthus langeanus,120821-02,Mediterranean,Cañada,35.05
Dianthus langeanus,120821-02,Mediterranean,Cañada,36.26
Dianthus langeanus,120821-02,Mediterranean,Cañada,40.92
Dianthus langeanus,120821-02,Mediterranean,Cañada,37.5
Dianthus langeanus,120821-02,Mediterranean,Cañada,38.92
Festuca summilusitana,240821-02,Mediterranean,Rabinalto,81.49
Festuca summilusitana,240821-02,Mediterranean,Rabinalto,88.14
Festuca summilusitana,240821-02,Mediterranean,Rabinalto,87.149
Festuca summilusitana,240821-02,Mediterranean,Rabinalto,91.5
Festuca summilusitana,240821-02,Mediterranean,Rabinalto,87.16
Festuca summilusitana,250821-02,Mediterranean,Penauta,82
Festuca summilusitana,250821-02,Mediterranean,Penauta,72
Festuca summilusitana,250821-02,Mediterranean,Penauta,74
Festuca summilusitana,250821-02,Mediterranean,Penauta,79
Festuca summilusitana,250821-02,Mediterranean,Penauta,81
Helictochloa marginata,040822-10,Mediterranean,Penauta,120
Helictochloa marginata,040822-10,Mediterranean,Penauta,139
Helictochloa marginata,040822-10,Mediterranean,Penauta,134
Helictochloa marginata,040822-10,Mediterranean,Penauta,136
Helictochloa marginata,040822-10,Mediterranean,Penauta,137
Helictochloa marginata,040822-10,Mediterranean,Penauta,152
Helictochloa marginata,040822-10,Mediterranean,Penauta,135
Helictochloa marginata,040822-10,Mediterranean,Penauta,144
Helictochloa marginata,040822-10,Mediterranean,Penauta,139
Helictochloa marginata,040822-10,Mediterranean,Penauta,145
Jasione laevis,040822-08,Mediterranean,Penauta,1.05
Jasione laevis,040822-08,Mediterranean,Penauta,1.45
Jasione laevis,040822-08,Mediterranean,Penauta,1.37
Jasione laevis,040822-08,Mediterranean,Penauta,0.77
Jasione laevis,040822-08,Mediterranean,Penauta,1.18
Jasione laevis,040822-08,Mediterranean,Penauta,1.42
Jasione laevis,040822-08,Mediterranean,Penauta,1.1
Jasione laevis,040822-08,Mediterranean,Penauta,1.53
Jasione laevis,040822-08,Mediterranean,Penauta,1.08
Jasione laevis,040822-08,Mediterranean,Penauta,1.15
Jurinea humilis,120821-03,Mediterranean,Cañada,317
Jurinea humilis,120821-04,Mediterranean,Cañada,329
Jurinea humilis,120821-05,Mediterranean,Cañada,263
Jurinea humilis,110822-01,Mediterranean,Cañada,247
Jurinea humilis,110822-01,Mediterranean,Cañada,280
Jurinea humilis,110822-01,Mediterranean,Cañada,254
Jurinea humilis,110822-01,Mediterranean,Cañada,279
Jurinea humilis,110822-01,Mediterranean,Cañada,233
Jurinea humilis,110822-01,Mediterranean,Cañada,270
Jurinea humilis,110822-01,Mediterranean,Cañada,256
Jurinea humilis,110822-01,Mediterranean,Cañada,280
Jurinea humilis,110822-01,Mediterranean,Cañada,246
Jurinea humilis,110822-01,Mediterranean,Cañada,236
Luzula caespitosa,110821-03,Mediterranean,Penauta,81.77
Luzula caespitosa,110821-03,Mediterranean,Penauta,92.65
Luzula caespitosa,110821-03,Mediterranean,Penauta,101.41
Luzula caespitosa,110821-03,Mediterranean,Penauta,110.71
Luzula caespitosa,110821-03,Mediterranean,Penauta,92.68
Luzula caespitosa,120821-04,Mediterranean,Rabinalto,60.62
Luzula caespitosa,120821-04,Mediterranean,Rabinalto,94.71
Luzula caespitosa,120821-04,Mediterranean,Rabinalto,85.64
Luzula caespitosa,120821-04,Mediterranean,Rabinalto,82.76
Luzula caespitosa,040822-04,Mediterranean,Penauta,112
Luzula caespitosa,040822-04,Mediterranean,Penauta,116
Luzula caespitosa,040822-04,Mediterranean,Penauta,113
Luzula caespitosa,040822-04,Mediterranean,Penauta,110
Luzula caespitosa,040822-04,Mediterranean,Penauta,114
Minuartia recurva,110821-07,Mediterranean,Solana,15.44
Minuartia recurva,110821-07,Mediterranean,Solana,15.14
Minuartia recurva,110821-07,Mediterranean,Solana,15.73
Minuartia recurva,110821-07,Mediterranean,Solana,16.66
Minuartia recurva,110821-07,Mediterranean,Solana,16.19
Minuartia recurva,120821-01,Mediterranean,Cañada,14.27
Minuartia recurva,120821-01,Mediterranean,Cañada,15.87
Minuartia recurva,120821-01,Mediterranean,Cañada,16.26
Minuartia recurva,120821-01,Mediterranean,Cañada,16.14
Minuartia recurva,120821-01,Mediterranean,Cañada,14.62
Neoschischkinia truncatula,240821-07,Mediterranean,Rabinalto,5.14
Neoschischkinia truncatula,240821-07,Mediterranean,Rabinalto,5.25
Neoschischkinia truncatula,240821-07,Mediterranean,Rabinalto,4.8
Neoschischkinia truncatula,240821-07,Mediterranean,Rabinalto,5.11
Neoschischkinia truncatula,240821-07,Mediterranean,Rabinalto,5.44
Neoschischkinia truncatula,250821-03,Mediterranean,Penauta,3.9
Neoschischkinia truncatula,250821-03,Mediterranean,Penauta,4.54
Neoschischkinia truncatula,250821-03,Mediterranean,Penauta,3.92
Neoschischkinia truncatula,250821-03,Mediterranean,Penauta,4.6
Neoschischkinia truncatula,250821-03,Mediterranean,Penauta,4.46
Phalacrocarpum oppositifolium,040822-05,Mediterranean,Penauta,110
Phalacrocarpum oppositifolium,040822-05,Mediterranean,Penauta,106
Phalacrocarpum oppositifolium,040822-05,Mediterranean,Penauta,106
Phalacrocarpum oppositifolium,090822-03,Mediterranean,Solana,114
Phalacrocarpum oppositifolium,090822-03,Mediterranean,Solana,113
Phalacrocarpum oppositifolium,090822-03,Mediterranean,Solana,116
Phalacrocarpum oppositifolium,090822-03,Mediterranean,Solana,115
Phalacrocarpum oppositifolium,090822-03,Mediterranean,Solana,117
Phalacrocarpum oppositifolium,090822-03,Mediterranean,Solana,124
Phalacrocarpum oppositifolium,090822-03,Mediterranean,Solana,110
Phyteuma hemisphaericum,240821-10,Mediterranean,Cañada,3.88
Phyteuma hemisphaericum,240821-10,Mediterranean,Cañada,3.58
Phyteuma hemisphaericum,240821-10,Mediterranean,Cañada,4.07
Phyteuma hemisphaericum,240821-10,Mediterranean,Cañada,3.36
Phyteuma hemisphaericum,240821-10,Mediterranean,Cañada,3.92
Phyteuma hemisphaericum,250821-07,Mediterranean,Penauta,4.72
Phyteuma hemisphaericum,250821-07,Mediterranean,Penauta,5.22
Phyteuma hemisphaericum,250821-07,Mediterranean,Penauta,4.52
Phyteuma hemisphaericum,250821-07,Mediterranean,Penauta,4.43
Phyteuma hemisphaericum,250821-07,Mediterranean,Penauta,4.51
Plantago holosteum,240821-04,Mediterranean,Rabinalto,40.25
Plantago holosteum,240821-04,Mediterranean,Rabinalto,38.12
Plantago holosteum,240821-04,Mediterranean,Rabinalto,41.58
Plantago holosteum,240821-04,Mediterranean,Rabinalto,40.78
Plantago holosteum,240821-04,Mediterranean,Rabinalto,42.72
Plantago holosteum,250821-12,Mediterranean,Solana,43
Plantago holosteum,250821-12,Mediterranean,Solana,44
Plantago holosteum,250821-12,Mediterranean,Solana,49
Plantago holosteum,250821-12,Mediterranean,Solana,51
Plantago holosteum,250821-12,Mediterranean,Solana,50
Scorzoneroides cantabrica,110821-04,Mediterranean,Penauta,46.36
Scorzoneroides cantabrica,110821-04,Mediterranean,Penauta,29.12
Scorzoneroides cantabrica,110821-04,Mediterranean,Penauta,32.66
Scorzoneroides cantabrica,110821-04,Mediterranean,Penauta,38.88
Sedum anglicum,250821-09,Mediterranean,Penauta,1.03
Sedum anglicum,250821-09,Mediterranean,Penauta,0.88
Sedum anglicum,250821-09,Mediterranean,Penauta,1.16
Sedum anglicum,250821-09,Mediterranean,Penauta,1.02
Sedum anglicum,250821-09,Mediterranean,Penauta,1.1
Sedum anglicum,240821-09,Mediterranean,Cañada,0.92
Sedum anglicum,240821-09,Mediterranean,Cañada,1.28
Sedum anglicum,240821-09,Mediterranean,Cañada,1.28
Sedum anglicum,240821-09,Mediterranean,Cañada,1.24
Sedum anglicum,240821-09,Mediterranean,Cañada,1.16
Sedum brevifolium,250821-08,Mediterranean,Penauta,0.51
Sedum brevifolium,250821-08,Mediterranean,Penauta,0.51
Sedum brevifolium,250821-08,Mediterranean,Penauta,0.58
Sedum brevifolium,250821-08,Mediterranean,Penauta,0.54
Sedum brevifolium,250821-08,Mediterranean,Penauta,0.67
Sedum brevifolium,240821-11,Mediterranean,Cañada,0.8
Sedum brevifolium,240821-11,Mediterranean,Cañada,0.69
Sedum brevifolium,240821-11,Mediterranean,Cañada,0.69
Sedum brevifolium,240821-11,Mediterranean,Cañada,0.71
Sedum brevifolium,240821-11,Mediterranean,Cañada,0.69
Sempervivum arachnoideum,230921-04,Mediterranean,Solana,2.63
Sempervivum arachnoideum,230921-04,Mediterranean,Solana,2.5
Sempervivum arachnoideum,230921-04,Mediterranean,Solana,2.77
Sempervivum arachnoideum,230921-04,Mediterranean,Solana,2.5
Sempervivum arachnoideum,230921-04,Mediterranean,Solana,2.27
Sempervivum arachnoideum,230921-02,Mediterranean,Penauta,3.19
Sempervivum arachnoideum,230921-02,Mediterranean,Penauta,2.53
Sempervivum arachnoideum,230921-02,Mediterranean,Penauta,2.3
Sempervivum arachnoideum,230921-02,Mediterranean,Penauta,2.89
Sempervivum arachnoideum,230921-02,Mediterranean,Penauta,2.57
Silene ciliata,040822-07,Mediterranean,Penauta,24
Silene ciliata,040822-07,Mediterranean,Penauta,21
Silene ciliata,040822-07,Mediterranean,Penauta,20
Silene ciliata,040822-07,Mediterranean,Penauta,22
Silene ciliata,040822-07,Mediterranean,Penauta,19
Silene ciliata,040822-07,Mediterranean,Penauta,20
Silene ciliata,040822-07,Mediterranean,Penauta,18
Silene ciliata,040822-07,Mediterranean,Penauta,13
Silene ciliata,040822-07,Mediterranean,Penauta,16
Silene ciliata,040822-07,Mediterranean,Penauta,14
Solidago virgaurea,240821-08,Mediterranean,Rabinalto,36.85
Solidago virgaurea,240821-08,Mediterranean,Rabinalto,39.09
Solidago virgaurea,240821-08,Mediterranean,Rabinalto,39.08
Solidago virgaurea,240821-08,Mediterranean,Rabinalto,39.18
Solidago virgaurea,240821-08,Mediterranean,Rabinalto,40.35
Solidago virgaurea,250821-13,Mediterranean,Penauta,30
Solidago virgaurea,250821-13,Mediterranean,Penauta,30
Solidago virgaurea,250821-13,Mediterranean,Penauta,27
Solidago virgaurea,250821-13,Mediterranean,Penauta,28
Solidago virgaurea,250821-13,Mediterranean,Penauta,25
Spergula morisonii,150721-01,Mediterranean,Cañada,10.35
Spergula morisonii,150721-01,Mediterranean,Cañada,10.09
Spergula morisonii,150721-01,Mediterranean,Cañada,9.5
Spergula morisonii,150721-01,Mediterranean,Cañada,11
Spergula morisonii,150721-01,Mediterranean,Cañada,8.42
Spergula morisonii,300522-01,Mediterranean,Cañada,12
Spergula morisonii,300522-01,Mediterranean,Cañada,9
Spergula morisonii,300522-01,Mediterranean,Cañada,9
Spergula morisonii,300522-01,Mediterranean,Cañada,9
Spergula morisonii,300522-01,Mediterranean,Cañada,9
Teesdalia conferta,040822-12,Mediterranean,Penauta,71
Teesdalia conferta,040822-12,Mediterranean,Penauta,71
Teesdalia conferta,040822-12,Mediterranean,Penauta,72
Teesdalia conferta,040822-12,Mediterranean,Penauta,67
Teesdalia conferta,090822-04,Mediterranean,Solana,122
Teesdalia conferta,090822-04,Mediterranean,Solana,107
Teesdalia conferta,090822-04,Mediterranean,Solana,124
Teesdalia conferta,090822-04,Mediterranean,Solana,98
Teesdalia conferta,090822-04,Mediterranean,Solana,105
Teesdalia conferta,090822-04,Mediterranean,Solana,123
Thymus praecox,110821-05,Mediterranean,Solana,8.77
Thymus praecox,110821-05,Mediterranean,Solana,9.11
Thymus praecox,110821-05,Mediterranean,Solana,9.92
Thymus praecox,110821-05,Mediterranean,Solana,9.7
Thymus praecox,110821-05,Mediterranean,Solana,9.7
Thymus praecox,120821-06,Mediterranean,Rabinalto,7.78
Thymus praecox,120821-06,Mediterranean,Rabinalto,8.23
Thymus praecox,120821-06,Mediterranean,Rabinalto,7.13
Thymus praecox,120821-06,Mediterranean,Rabinalto,7.14
Thymus praecox,120821-06,Mediterranean,Rabinalto,7.8
